trader_id,close_date,pnl_net,trades,win_rate,expectancy,volume_sum,hold_min_median
2026-04_Quantum_US30_SingleTrader,2019-08-01,246.19,5,0.6,49.238,2.9,52.037749999999996
2026-04_Quantum_US30_SingleTrader,2019-08-02,99.12,1,1.0,99.12,0.8,22.18753333333333
2026-04_Quantum_US30_SingleTrader,2019-08-06,-61.6,1,0.0,-61.6,1.0,11.017666666666665
2026-04_Quantum_US30_SingleTrader,2019-08-08,-65.80000000000001,3,0.3333333333333333,-21.933333333333337,1.6,99.8114
2026-04_Quantum_US30_SingleTrader,2019-08-09,-61.6,1,0.0,-61.6,1.0,15.65175
2026-04_Quantum_US30_SingleTrader,2019-08-12,199.83999999999997,2,1.0,99.91999999999999,1.6,50.54228333333333
2026-04_Quantum_US30_SingleTrader,2019-08-13,123.9,1,1.0,123.9,1.0,9.585116666666666
2026-04_Quantum_US30_SingleTrader,2019-08-16,91.5,3,1.0,30.5,1.6,264.99941666666666
2026-04_Quantum_US30_SingleTrader,2019-08-20,-49.6,1,0.0,-49.6,0.8,87.36971666666666
2026-04_Quantum_US30_SingleTrader,2019-08-22,-68.2,1,0.0,-68.2,1.1,51.588483333333336
2026-04_Quantum_US30_SingleTrader,2019-08-23,-148.24,3,0.0,-49.413333333333334,2.4000000000000004,17.657983333333334
2026-04_Quantum_US30_SingleTrader,2019-08-29,-73.21000000000001,3,0.0,-24.403333333333336,1.6,164.99551666666667
2026-04_Quantum_US30_SingleTrader,2019-08-30,-49.52,1,0.0,-49.52,0.8,36.214349999999996
2026-04_Quantum_US30_SingleTrader,2019-09-03,-6.2,1,0.0,-6.2,0.1,261.50201666666663
2026-04_Quantum_US30_SingleTrader,2019-10-01,5.880000000000001,2,0.5,2.9400000000000004,1.2,152.49800833333336
2026-04_Quantum_US30_SingleTrader,2019-10-03,12.43,3,0.6666666666666666,4.1433333333333335,0.7,194.99161666666666
2026-04_Quantum_US30_SingleTrader,2019-10-04,73.68,2,1.0,36.84,0.6,216.83055000000002
2026-04_Quantum_US30_SingleTrader,2019-10-07,-37.769999999999996,2,0.0,-18.884999999999998,0.6,143.71500000000003
2026-04_Quantum_US30_SingleTrader,2019-10-08,-38.16,2,0.0,-19.08,0.6,105.072675
2026-04_Quantum_US30_SingleTrader,2019-10-11,-37.11,2,0.0,-18.555,0.6,21.630291666666672
2026-04_Quantum_US30_SingleTrader,2019-10-14,-14.100000000000001,2,0.0,-7.050000000000001,0.6,189.99785833333334
2026-04_Quantum_US30_SingleTrader,2019-10-15,-9.36,2,0.0,-4.68,0.6,257.49176666666665
2026-04_Quantum_US30_SingleTrader,2019-10-22,-37.86,2,0.0,-18.93,0.6,52.461600000000004
2026-04_Quantum_US30_SingleTrader,2019-10-25,-15.24,2,0.0,-7.62,0.6,172.4809666666667
2026-04_Quantum_US30_SingleTrader,2019-10-31,2.95,1,1.0,2.95,0.1,236.47038333333333
2026-04_Quantum_US30_SingleTrader,2019-11-01,95.48,2,1.0,47.74,1.9,232.49514166666665
2026-04_Quantum_US30_SingleTrader,2019-11-05,-83.07,1,0.0,-83.07,1.3,10.457866666666666
2026-04_Quantum_US30_SingleTrader,2019-11-07,68.46000000000001,3,0.3333333333333333,22.820000000000004,2.5,158.86661666666666
2026-04_Quantum_US30_SingleTrader,2019-11-08,-35.6,1,0.0,-35.6,1.0,324.9929166666667
2026-04_Quantum_US30_SingleTrader,2019-11-12,-81.12,1,0.0,-81.12,1.3,243.12355
2026-04_Quantum_US30_SingleTrader,2019-11-14,-55.44,1,0.0,-55.44,0.9,49.38516666666667
2026-04_Quantum_US30_SingleTrader,2019-11-15,139.74,3,1.0,46.580000000000005,2.4,174.8037
2026-04_Quantum_US30_SingleTrader,2019-11-18,-1.2,1,0.0,-1.2,0.6,109.98356666666668
2026-04_Quantum_US30_SingleTrader,2019-11-21,-62.1,1,0.0,-62.1,1.0,107.16441666666667
2026-04_Quantum_US30_SingleTrader,2019-11-22,-4.68,2,0.5,-2.34,1.2,117.47606666666667
2026-04_Quantum_US30_SingleTrader,2019-11-25,110.63,1,1.0,110.63,1.3,372.93486666666666
2026-04_Quantum_US30_SingleTrader,2019-11-26,55.69,2,1.0,27.845,1.9,254.38653333333332
2026-04_Quantum_US30_SingleTrader,2019-12-02,73.74,1,1.0,73.74,0.6,26.4725
2026-04_Quantum_US30_SingleTrader,2019-12-05,-15.24,1,0.0,-15.24,0.6,373.96094999999997
2026-04_Quantum_US30_SingleTrader,2019-12-06,-5.73,2,0.0,-2.865,0.6,117.485425
2026-04_Quantum_US30_SingleTrader,2019-12-12,-6.51,1,0.0,-6.51,0.1,25.05935
2026-04_Quantum_US30_SingleTrader,2019-12-19,13.26,2,1.0,6.63,0.6,167.48989166666667
2026-04_Quantum_US30_SingleTrader,2019-12-26,13.41,2,1.0,6.705,0.6,149.93018333333333
2026-04_Quantum_US30_SingleTrader,2019-12-27,17.1,1,1.0,17.1,0.6,377.5945
2026-04_Quantum_US30_SingleTrader,2019-12-31,-43.19,1,0.0,-43.19,0.7,294.8374166666666
2026-04_Quantum_US30_SingleTrader,2020-01-02,-36.96,1,0.0,-36.96,0.6,29.83693333333333
2026-04_Quantum_US30_SingleTrader,2020-01-03,-74.4,3,0.0,-24.8,1.2,37.006150000000005
2026-04_Quantum_US30_SingleTrader,2020-01-06,73.74,1,1.0,73.74,0.6,305.02101666666664
2026-04_Quantum_US30_SingleTrader,2020-01-07,30.08,1,1.0,30.08,0.8,376.4306833333333
2026-04_Quantum_US30_SingleTrader,2020-01-09,-41.74,3,0.6666666666666666,-13.913333333333334,1.4,204.97915
2026-04_Quantum_US30_SingleTrader,2020-01-14,-55.44,2,0.0,-27.72,0.8999999999999999,107.98475
2026-04_Quantum_US30_SingleTrader,2020-01-16,78.87,2,1.0,39.435,0.8999999999999999,244.9774083333333
2026-04_Quantum_US30_SingleTrader,2020-01-17,-14.32,1,0.0,-14.32,0.8,281.5654666666667
2026-04_Quantum_US30_SingleTrader,2020-01-21,-34.41,2,0.5,-17.205,0.8999999999999999,78.28760833333334
2026-04_Quantum_US30_SingleTrader,2020-01-23,10.38,1,1.0,10.38,0.3,109.99048333333333
2026-04_Quantum_US30_SingleTrader,2020-01-24,61.45,3,0.3333333333333333,20.483333333333334,1.4,68.09295
2026-04_Quantum_US30_SingleTrader,2020-01-27,-37.44,2,0.0,-18.72,0.6,143.92398333333333
2026-04_Quantum_US30_SingleTrader,2020-01-28,5.190000000000001,3,0.3333333333333333,1.7300000000000004,1.2,179.99654999999998
2026-04_Quantum_US30_SingleTrader,2020-01-30,-36.96,1,0.0,-36.96,0.6,63.451299999999996
2026-04_Quantum_US30_SingleTrader,2020-01-31,62.81,3,0.3333333333333333,20.936666666666667,1.4,15.21335
2026-04_Quantum_US30_SingleTrader,2020-02-04,-64.92,2,0.0,-32.46,1.2,230.72841666666665
2026-04_Quantum_US30_SingleTrader,2020-02-10,95.58000000000001,2,1.0,47.790000000000006,1.2,237.4882333333333
2026-04_Quantum_US30_SingleTrader,2020-02-11,-37.08,1,0.0,-37.08,0.6,83.8831
2026-04_Quantum_US30_SingleTrader,2020-02-13,-53.7,2,0.0,-26.85,1.2,145.21423333333334
2026-04_Quantum_US30_SingleTrader,2020-02-14,-95.6,3,0.3333333333333333,-31.866666666666664,2.2,148.95621666666665
2026-04_Quantum_US30_SingleTrader,2020-02-18,-36.9,1,0.0,-36.9,0.6,282.81710000000004
2026-04_Quantum_US30_SingleTrader,2020-02-20,74.04,1,1.0,74.04,0.6,16.323716666666666
2026-04_Quantum_US30_SingleTrader,2020-02-21,-37.08,1,0.0,-37.08,0.6,108.25465000000001
2026-04_Quantum_US30_SingleTrader,2020-02-24,-127.15,3,0.0,-42.38333333333333,2.0,12.585933333333333
2026-04_Quantum_US30_SingleTrader,2020-02-25,245.8,3,1.0,81.93333333333334,2.0,29.908366666666666
2026-04_Quantum_US30_SingleTrader,2020-02-27,-75.53999999999999,2,0.0,-37.769999999999996,1.2,12.741408333333334
2026-04_Quantum_US30_SingleTrader,2020-02-28,-36.96,1,0.0,-36.96,0.6,0.8939
2026-04_Quantum_US30_SingleTrader,2020-03-02,147.78,2,1.0,73.89,1.2,20.584541666666667
2026-04_Quantum_US30_SingleTrader,2020-03-03,36.419999999999995,2,0.5,18.209999999999997,1.2,10.250033333333334
2026-04_Quantum_US30_SingleTrader,2020-03-05,-113.22,3,0.0,-37.74,1.7999999999999998,2.5575666666666668
2026-04_Quantum_US30_SingleTrader,2020-03-06,36.120000000000005,2,0.5,18.060000000000002,1.2,10.205166666666667
2026-04_Quantum_US30_SingleTrader,2020-03-12,73.68,1,1.0,73.68,0.6,0.7707499999999999
2026-04_Quantum_US30_SingleTrader,2020-04-20,-75.47999999999999,2,0.0,-37.739999999999995,1.2,89.35366666666667
2026-04_Quantum_US30_SingleTrader,2020-04-23,-2.759999999999998,3,0.3333333333333333,-0.9199999999999994,1.7999999999999998,52.08063333333334
2026-04_Quantum_US30_SingleTrader,2020-04-27,37.08,2,0.5,18.54,1.2,168.90294166666666
2026-04_Quantum_US30_SingleTrader,2020-05-01,74.28,1,1.0,74.28,0.6,245.49986666666666
2026-04_Quantum_US30_SingleTrader,2020-05-04,-37.44,2,0.0,-18.72,0.6,42.225675
2026-04_Quantum_US30_SingleTrader,2020-05-05,-37.379999999999995,2,0.0,-18.689999999999998,0.6,82.23524166666667
2026-04_Quantum_US30_SingleTrader,2020-05-07,-36.9,2,0.0,-18.45,0.6,55.35036666666666
2026-04_Quantum_US30_SingleTrader,2020-05-08,-37.29,2,0.0,-18.645,0.6,130.48048333333332
2026-04_Quantum_US30_SingleTrader,2020-05-11,74.34,2,1.0,37.17,0.6,89.54570000000001
2026-04_Quantum_US30_SingleTrader,2020-05-12,48.16,2,0.5,24.08,1.6,80.010625
2026-04_Quantum_US30_SingleTrader,2020-05-14,-74.88,3,0.0,-24.959999999999997,1.2,10.453966666666668
2026-04_Quantum_US30_SingleTrader,2020-05-15,-9.000000000000002,2,0.5,-4.500000000000001,0.6,73.132925
2026-04_Quantum_US30_SingleTrader,2020-05-18,73.86,2,1.0,36.93,0.6,241.08289166666668
2026-04_Quantum_US30_SingleTrader,2020-05-19,-37.44,1,0.0,-37.44,0.6,10.781749999999999
2026-04_Quantum_US30_SingleTrader,2020-05-21,-6.22,1,0.0,-6.22,0.1,24.86303333333333
2026-04_Quantum_US30_SingleTrader,2020-05-26,-45.370000000000005,3,0.0,-15.123333333333335,0.7,144.6967
2026-04_Quantum_US30_SingleTrader,2020-05-28,-37.02,1,0.0,-37.02,0.6,34.11741666666667
2026-04_Quantum_US30_SingleTrader,2020-05-29,73.5,1,1.0,73.5,0.6,140.82141666666666
2026-04_Quantum_US30_SingleTrader,2020-06-01,29.4,3,0.6666666666666666,9.799999999999999,1.7999999999999998,249.99201666666667
2026-04_Quantum_US30_SingleTrader,2020-06-02,-74.28,2,0.0,-37.14,1.2,96.46719999999999
2026-04_Quantum_US30_SingleTrader,2020-06-04,-124.62,3,0.0,-41.54,2.0,50.249916666666664
2026-04_Quantum_US30_SingleTrader,2020-06-05,-118.86,3,0.0,-39.62,1.9,24.20831666666667
2026-04_Quantum_US30_SingleTrader,2020-06-08,110.83,3,0.6666666666666666,36.943333333333335,1.9,124.99766666666666
2026-04_Quantum_US30_SingleTrader,2020-06-09,-75.18,2,0.0,-37.59,1.2,98.85254166666667
2026-04_Quantum_US30_SingleTrader,2020-06-11,73.56,1,1.0,73.56,0.6,14.90035
2026-04_Quantum_US30_SingleTrader,2020-06-12,-38.04,1,0.0,-38.04,0.6,3.629966666666667
2026-04_Quantum_US30_SingleTrader,2020-06-15,104.53,3,0.6666666666666666,34.843333333333334,1.9,27.976283333333335
2026-04_Quantum_US30_SingleTrader,2020-06-16,75.06,1,1.0,75.06,0.6,0.5490666666666667
2026-04_Quantum_US30_SingleTrader,2020-06-18,-74.88,2,0.0,-37.44,1.2,13.781691666666667
2026-04_Quantum_US30_SingleTrader,2020-06-19,-49.92,1,0.0,-49.92,0.8,5.499233333333334
2026-04_Quantum_US30_SingleTrader,2020-06-22,109.98,3,0.6666666666666666,36.660000000000004,1.7999999999999998,41.064816666666665
2026-04_Quantum_US30_SingleTrader,2020-06-25,-16.900000000000006,3,0.3333333333333333,-5.6333333333333355,2.0,7.965583333333333
2026-04_Quantum_US30_SingleTrader,2020-06-26,73.56,1,1.0,73.56,0.6,8.5851
2026-04_Quantum_US30_SingleTrader,2020-06-29,9.119999999999997,3,0.3333333333333333,3.039999999999999,2.2,25.4179
2026-04_Quantum_US30_SingleTrader,2020-06-30,-74.16,2,0.0,-37.08,1.2,45.90000833333333
2026-04_Quantum_US30_SingleTrader,2020-07-02,-37.14,1,0.0,-37.14,0.6,2.2110333333333334
2026-04_Quantum_US30_SingleTrader,2020-07-07,-74.28,3,0.0,-24.76,1.2,32.40651666666667
2026-04_Quantum_US30_SingleTrader,2020-07-10,147.36,3,1.0,49.120000000000005,1.2,134.92413333333334
2026-04_Quantum_US30_SingleTrader,2020-07-13,89.91,3,0.6666666666666666,29.97,1.2,48.65133333333333
2026-04_Quantum_US30_SingleTrader,2020-07-14,104.11999999999999,3,0.6666666666666666,34.70666666666666,1.2999999999999998,61.99663333333333
2026-04_Quantum_US30_SingleTrader,2020-07-16,-43.19,1,0.0,-43.19,0.7,16.788966666666667
2026-04_Quantum_US30_SingleTrader,2020-07-20,-39.65,3,0.3333333333333333,-13.216666666666667,1.2999999999999998,109.97645000000001
2026-04_Quantum_US30_SingleTrader,2020-07-21,-43.96,1,0.0,-43.96,0.7,42.837333333333326
2026-04_Quantum_US30_SingleTrader,2020-07-23,148.32,2,1.0,74.16,1.2,25.6241
2026-04_Quantum_US30_SingleTrader,2020-07-24,-86.66,2,0.0,-43.33,1.4,50.73791666666666
2026-04_Quantum_US30_SingleTrader,2020-07-27,-43.19,1,0.0,-43.19,0.7,100.55828333333334
2026-04_Quantum_US30_SingleTrader,2020-07-30,-10.379999999999999,3,0.0,-3.4599999999999995,0.7,199.99453333333335
2026-04_Quantum_US30_SingleTrader,2020-07-31,12.31,1,1.0,12.31,0.1,49.7427
2026-04_Quantum_US30_SingleTrader,2020-08-03,1.9500000000000002,2,1.0,0.9750000000000001,0.6,262.49681666666663
2026-04_Quantum_US30_SingleTrader,2020-08-04,-37.14,2,0.0,-18.57,0.6,177.72960833333335
2026-04_Quantum_US30_SingleTrader,2020-08-07,-36.96,2,0.0,-18.48,0.6,93.79887500000001
2026-04_Quantum_US30_SingleTrader,2020-08-10,180.05,3,1.0,60.01666666666667,1.6,204.99918333333332
2026-04_Quantum_US30_SingleTrader,2020-08-11,-62.4,1,0.0,-62.4,1.0,17.137333333333334
2026-04_Quantum_US30_SingleTrader,2020-08-13,-49.92,1,0.0,-49.92,0.8,12.511783333333334
2026-04_Quantum_US30_SingleTrader,2020-08-14,-37.32,2,0.0,-18.66,0.6,221.327725
2026-04_Quantum_US30_SingleTrader,2020-08-17,-5.04,1,0.0,-5.04,0.8,357.1779333333333
2026-04_Quantum_US30_SingleTrader,2020-08-18,-49.92,1,0.0,-49.92,0.8,36.907199999999996
2026-04_Quantum_US30_SingleTrader,2020-08-20,116.77000000000001,3,1.0,38.92333333333334,1.6,259.99993333333333
2026-04_Quantum_US30_SingleTrader,2020-08-21,179.21,3,1.0,59.73666666666667,1.6,184.98773333333332
2026-04_Quantum_US30_SingleTrader,2020-08-24,-61.71,3,0.3333333333333333,-20.57,1.6,236.76085
2026-04_Quantum_US30_SingleTrader,2020-08-27,123.1,1,1.0,123.1,1.0,16.79883333333333
2026-04_Quantum_US30_SingleTrader,2020-08-28,-49.52,1,0.0,-49.52,0.8,35.250033333333334
2026-04_Quantum_US30_SingleTrader,2020-10-01,12.81,1,1.0,12.81,0.1,164.04761666666667
2026-04_Quantum_US30_SingleTrader,2020-10-02,-40.32,2,0.0,-20.16,0.6,40.188449999999996
2026-04_Quantum_US30_SingleTrader,2020-10-05,11.310000000000002,2,0.5,5.655000000000001,0.6,205.68614166666666
2026-04_Quantum_US30_SingleTrader,2020-10-09,-39.15,2,0.0,-19.575,0.6,41.612516666666664
2026-04_Quantum_US30_SingleTrader,2020-10-12,-13.65,2,0.0,-6.825,0.6,257.4974
2026-04_Quantum_US30_SingleTrader,2020-10-15,74.43,2,1.0,37.215,0.6,132.02164166666665
2026-04_Quantum_US30_SingleTrader,2020-10-16,-37.11,2,0.0,-18.555,0.6,229.99049166666668
2026-04_Quantum_US30_SingleTrader,2020-10-19,171.99,2,1.0,85.995,1.4,57.39335833333334
2026-04_Quantum_US30_SingleTrader,2020-10-20,18.21,2,0.5,9.105,0.6,101.68414166666666
2026-04_Quantum_US30_SingleTrader,2020-10-22,50.76,2,1.0,25.38,0.6,152.48693333333335
2026-04_Quantum_US30_SingleTrader,2020-10-29,74.00999999999999,2,1.0,37.004999999999995,0.6,21.512508333333333
2026-04_Quantum_US30_SingleTrader,2020-11-02,-108.48,3,0.0,-36.160000000000004,1.7,48.268283333333336
2026-04_Quantum_US30_SingleTrader,2020-11-03,100.24000000000001,3,0.3333333333333333,33.413333333333334,2.9,19.8754
2026-04_Quantum_US30_SingleTrader,2020-11-05,82.81,3,0.3333333333333333,27.603333333333335,3.1,28.001649999999998
2026-04_Quantum_US30_SingleTrader,2020-11-10,-181.31,3,0.0,-60.43666666666667,2.9,20.429733333333335
2026-04_Quantum_US30_SingleTrader,2020-11-12,-126.2,4,0.0,-31.55,2.0,7.609533333333333
2026-04_Quantum_US30_SingleTrader,2020-11-13,172.06,2,1.0,86.03,1.4,183.35927500000003
2026-04_Quantum_US30_SingleTrader,2020-11-17,-32.400000000000006,3,0.6666666666666666,-10.800000000000002,2.5,259.99915
2026-04_Quantum_US30_SingleTrader,2020-11-23,-96.75,1,0.0,-96.75,1.5,39.95871666666667
2026-04_Quantum_US30_SingleTrader,2020-11-24,211.96,3,1.0,70.65333333333334,2.8,259.99848333333335
2026-04_Quantum_US30_SingleTrader,2020-11-30,135.19,1,1.0,135.19,1.1,36.41355
2026-04_Quantum_US30_SingleTrader,2020-12-03,-49.92,2,0.0,-24.96,0.8,131.97168333333332
2026-04_Quantum_US30_SingleTrader,2020-12-04,28.259999999999998,2,1.0,14.129999999999999,0.6,262.49479166666663
2026-04_Quantum_US30_SingleTrader,2020-12-08,8.96,2,1.0,4.48,0.8,262.4984416666666
2026-04_Quantum_US30_SingleTrader,2020-12-11,12.02,2,0.5,6.01,0.7,48.329049999999995
2026-04_Quantum_US30_SingleTrader,2020-12-14,98.24,1,1.0,98.24,0.8,86.10423333333333
2026-04_Quantum_US30_SingleTrader,2020-12-15,65.72,2,1.0,32.86,0.8,150.26370833333334
2026-04_Quantum_US30_SingleTrader,2020-12-18,99.52,1,1.0,99.52,0.8,81.96063333333333
2026-04_Quantum_US30_SingleTrader,2020-12-21,98.47999999999999,2,1.0,49.239999999999995,0.8,69.84098333333333
2026-04_Quantum_US30_SingleTrader,2020-12-22,-49.52,1,0.0,-49.52,0.8,41.42821666666667
2026-04_Quantum_US30_SingleTrader,2020-12-28,-18.560000000000002,2,0.0,-9.280000000000001,0.8,262.49714166666666
2026-04_Quantum_US30_SingleTrader,2020-12-29,98.32,1,1.0,98.32,0.8,70.51193333333335
2026-04_Quantum_US30_SingleTrader,2021-01-05,-49.36,1,0.0,-49.36,0.8,41.877950000000006
2026-04_Quantum_US30_SingleTrader,2021-01-07,50.64,3,0.3333333333333333,16.88,1.6,42.450050000000005
2026-04_Quantum_US30_SingleTrader,2021-01-08,70.36,3,0.3333333333333333,23.453333333333333,1.8,41.709633333333336
2026-04_Quantum_US30_SingleTrader,2021-01-11,-100.04,3,0.0,-33.34666666666667,1.6,138.92079999999999
2026-04_Quantum_US30_SingleTrader,2021-01-12,33.480000000000004,2,1.0,16.740000000000002,0.8,124.99419166666667
2026-04_Quantum_US30_SingleTrader,2021-01-14,-49.44,1,0.0,-49.44,0.8,187.23046666666667
2026-04_Quantum_US30_SingleTrader,2021-01-15,-111.94,3,0.0,-37.31333333333333,1.8,102.62310000000001
2026-04_Quantum_US30_SingleTrader,2021-01-19,-62.4,1,0.0,-62.4,1.0,57.638799999999996
2026-04_Quantum_US30_SingleTrader,2021-01-21,-62.9,1,0.0,-62.9,1.0,37.35188333333333
2026-04_Quantum_US30_SingleTrader,2021-01-22,3.7600000000000002,2,1.0,1.8800000000000001,0.8,252.47213333333332
2026-04_Quantum_US30_SingleTrader,2021-01-25,-56.61,1,0.0,-56.61,0.9,14.2736
2026-04_Quantum_US30_SingleTrader,2021-01-26,-49.52,1,0.0,-49.52,0.8,20.671116666666666
2026-04_Quantum_US30_SingleTrader,2021-01-28,-87.33,3,0.0,-29.11,1.4,169.40296666666666
2026-04_Quantum_US30_SingleTrader,2021-01-29,110.34,1,1.0,110.34,0.9,50.31666666666667
2026-04_Quantum_US30_SingleTrader,2021-02-01,-49.52,1,0.0,-49.52,0.8,38.87488333333333
2026-04_Quantum_US30_SingleTrader,2021-02-02,-76.8,2,0.0,-38.4,1.6,262.4970166666667
2026-04_Quantum_US30_SingleTrader,2021-02-04,20.369999999999997,2,1.0,10.184999999999999,1.4,262.49625833333334
2026-04_Quantum_US30_SingleTrader,2021-02-09,17.849999999999998,3,0.6666666666666666,5.949999999999999,2.0999999999999996,259.99643333333336
2026-04_Quantum_US30_SingleTrader,2021-02-11,-43.54,1,0.0,-43.54,0.7,12.361266666666667
2026-04_Quantum_US30_SingleTrader,2021-02-16,2.52,1,1.0,2.52,0.7,4.653833333333334
2026-04_Quantum_US30_SingleTrader,2021-02-18,23.03,2,1.0,11.515,1.4,137.49350833333335
2026-04_Quantum_US30_SingleTrader,2021-02-19,-87.71000000000001,2,0.0,-43.855000000000004,1.4,62.450575
2026-04_Quantum_US30_SingleTrader,2021-02-22,172.9,2,1.0,86.45,1.4,110.11908333333332
2026-04_Quantum_US30_SingleTrader,2021-02-23,99.28,1,1.0,99.28,0.8,13.175966666666666
2026-04_Quantum_US30_SingleTrader,2021-02-25,98.08,1,1.0,98.08,0.8,47.81138333333333
2026-04_Quantum_US30_SingleTrader,2021-02-26,-49.92,1,0.0,-49.92,0.8,1.5405333333333333
2026-04_Quantum_US30_SingleTrader,2021-03-01,-99.44,2,0.0,-49.72,1.6,85.54116666666667
2026-04_Quantum_US30_SingleTrader,2021-03-04,49.76,2,0.5,24.88,1.6,16.038825
2026-04_Quantum_US30_SingleTrader,2021-03-05,197.76,2,1.0,98.88,1.6,70.59544166666666
2026-04_Quantum_US30_SingleTrader,2021-03-08,48.96,2,0.5,24.48,1.6,33.097625
2026-04_Quantum_US30_SingleTrader,2021-03-09,-98.88,2,0.0,-49.44,1.6,218.30964166666666
2026-04_Quantum_US30_SingleTrader,2021-03-11,-100.32,2,0.0,-50.16,1.6,138.25971666666666
2026-04_Quantum_US30_SingleTrader,2021-03-12,222.14,3,1.0,74.04666666666667,1.8,241.75671666666668
2026-04_Quantum_US30_SingleTrader,2021-03-15,90.64,2,1.0,45.32,1.6,112.49443333333333
2026-04_Quantum_US30_SingleTrader,2021-03-18,-100.24000000000001,2,0.0,-50.120000000000005,1.6,22.365891666666666
2026-04_Quantum_US30_SingleTrader,2021-03-19,-43.28,2,0.0,-21.64,1.6,197.49639166666665
2026-04_Quantum_US30_SingleTrader,2021-03-22,-14.239999999999998,2,0.0,-7.119999999999999,1.6,147.49684166666668
2026-04_Quantum_US30_SingleTrader,2021-03-23,98.08,1,1.0,98.08,0.8,35.1202
2026-04_Quantum_US30_SingleTrader,2021-03-25,196.0,2,1.0,98.0,1.6,71.87861666666666
2026-04_Quantum_US30_SingleTrader,2021-03-29,220.68,2,1.0,110.34,1.8,147.55314166666668
2026-04_Quantum_US30_SingleTrader,2021-04-01,-55.26,3,0.3333333333333333,-18.419999999999998,2.7,185.00175
2026-04_Quantum_US30_SingleTrader,2021-04-05,158.67000000000002,3,1.0,52.89000000000001,2.7,260.0013
2026-04_Quantum_US30_SingleTrader,2021-04-06,-56.16,1,0.0,-56.16,0.9,68.62435
2026-04_Quantum_US30_SingleTrader,2021-04-08,73.80000000000001,2,1.0,36.900000000000006,1.8,202.446675
2026-04_Quantum_US30_SingleTrader,2021-04-09,-55.53,1,0.0,-55.53,0.9,44.3173
2026-04_Quantum_US30_SingleTrader,2021-04-12,-55.71,1,0.0,-55.71,0.9,29.00048333333333
2026-04_Quantum_US30_SingleTrader,2021-04-15,157.59,3,1.0,52.53,2.7,265.00111666666663
2026-04_Quantum_US30_SingleTrader,2021-04-16,39.24,1,1.0,39.24,0.9,324.9996333333333
2026-04_Quantum_US30_SingleTrader,2021-04-22,50.88,2,1.0,25.44,0.8,77.64529166666668
2026-04_Quantum_US30_SingleTrader,2021-04-23,331.29,3,1.0,110.43,2.7,231.88856666666666
2026-04_Quantum_US30_SingleTrader,2021-04-26,-42.400000000000006,3,0.6666666666666666,-14.133333333333335,2.0,139.99380000000002
2026-04_Quantum_US30_SingleTrader,2021-05-04,125.7,1,1.0,125.7,1.0,85.53933333333333
2026-04_Quantum_US30_SingleTrader,2021-05-06,-127.3,3,0.0,-42.43333333333333,2.0,152.72516666666667
2026-04_Quantum_US30_SingleTrader,2021-05-07,76.7,2,1.0,38.35,1.0,262.49800833333336
2026-04_Quantum_US30_SingleTrader,2021-05-10,-61.75,2,0.0,-30.875,1.0,91.97273333333334
2026-04_Quantum_US30_SingleTrader,2021-05-13,-62.0,2,0.0,-31.0,1.0,110.18513333333334
2026-04_Quantum_US30_SingleTrader,2021-05-14,114.17,3,1.0,38.056666666666665,1.2,174.98766666666668
2026-04_Quantum_US30_SingleTrader,2021-05-17,-63.4,1,0.0,-63.4,1.0,4.47635
2026-04_Quantum_US30_SingleTrader,2021-05-20,30.349999999999998,2,0.5,15.174999999999999,1.0,40.938941666666665
2026-04_Quantum_US30_SingleTrader,2021-05-21,-12.38,1,0.0,-12.38,0.2,90.03101666666666
2026-04_Quantum_US30_SingleTrader,2021-05-24,-62.15,2,0.0,-31.075,1.0,46.07200833333333
2026-04_Quantum_US30_SingleTrader,2021-05-25,125.3,1,1.0,125.3,1.0,107.95895
2026-04_Quantum_US30_SingleTrader,2021-05-27,-12.38,1,0.0,-12.38,0.2,37.22416666666666
2026-04_Quantum_US30_SingleTrader,2021-05-28,-61.9,1,0.0,-61.9,1.0,68.55441666666667
2026-04_Quantum_US30_SingleTrader,2021-06-03,-186.5,3,0.0,-62.166666666666664,3.0,99.10413333333332
2026-04_Quantum_US30_SingleTrader,2021-06-04,-68.09,1,0.0,-68.09,1.1,16.6959
2026-04_Quantum_US30_SingleTrader,2021-06-10,-68.09,1,0.0,-68.09,1.1,36.25598333333333
2026-04_Quantum_US30_SingleTrader,2021-06-11,-7.92,1,0.0,-7.92,0.9,324.1118666666667
2026-04_Quantum_US30_SingleTrader,2021-06-15,110.61,1,1.0,110.61,0.9,68.14523333333334
2026-04_Quantum_US30_SingleTrader,2021-06-17,-68.64,1,0.0,-68.64,1.1,6.953516666666667
2026-04_Quantum_US30_SingleTrader,2021-06-18,-55.71,1,0.0,-55.71,0.9,3.253816666666667
2026-04_Quantum_US30_SingleTrader,2021-06-21,318.77,3,1.0,106.25666666666666,2.9000000000000004,259.9864333333333
2026-04_Quantum_US30_SingleTrader,2021-06-22,-6.299999999999997,2,0.5,-3.1499999999999986,2.0,178.04140833333332
2026-04_Quantum_US30_SingleTrader,2021-06-24,183.51999999999998,3,1.0,61.173333333333325,3.2,174.98975000000002
2026-04_Quantum_US30_SingleTrader,2021-06-25,166.88,3,1.0,55.626666666666665,3.2,259.9816333333333
2026-04_Quantum_US30_SingleTrader,2021-06-28,124.9,1,1.0,124.9,1.0,100.71701666666667
2026-04_Quantum_US30_SingleTrader,2021-06-29,-81.12,1,0.0,-81.12,1.3,7.028033333333334
2026-04_Quantum_US30_SingleTrader,2021-07-02,50.8,2,1.0,25.4,1.0,197.497725
2026-04_Quantum_US30_SingleTrader,2021-07-08,-62.25,2,0.0,-31.125,1.0,155.42783333333335
2026-04_Quantum_US30_SingleTrader,2021-07-09,159.95,3,1.0,53.31666666666666,2.0,260.00145
2026-04_Quantum_US30_SingleTrader,2021-07-12,171.06,3,1.0,57.02,2.1,204.99103333333332
2026-04_Quantum_US30_SingleTrader,2021-07-13,-69.74,1,0.0,-69.74,1.1,5.92795
2026-04_Quantum_US30_SingleTrader,2021-07-15,18.39,3,0.3333333333333333,6.13,2.1,129.2446833333333
2026-04_Quantum_US30_SingleTrader,2021-07-20,258.31,3,1.0,86.10333333333334,2.1,64.99553333333333
2026-04_Quantum_US30_SingleTrader,2021-07-22,16.05,2,1.0,8.025,1.0,152.494975
2026-04_Quantum_US30_SingleTrader,2021-07-23,-130.49,3,0.0,-43.49666666666667,2.1,19.444483333333334
2026-04_Quantum_US30_SingleTrader,2021-07-26,-34.440000000000005,3,0.6666666666666666,-11.480000000000002,2.1,109.93526666666666
2026-04_Quantum_US30_SingleTrader,2021-07-29,-102.89,2,0.0,-51.445,1.6,54.195766666666664
2026-04_Quantum_US30_SingleTrader,2021-08-02,-105.23,1,0.0,-105.23,1.7,4.70765
2026-04_Quantum_US30_SingleTrader,2021-08-03,190.38,3,0.6666666666666666,63.46,2.3,34.081716666666665
2026-04_Quantum_US30_SingleTrader,2021-08-05,143.65,1,1.0,143.65,1.7,380.0014
2026-04_Quantum_US30_SingleTrader,2021-08-06,-109.48,1,0.0,-109.48,1.7,22.056066666666666
2026-04_Quantum_US30_SingleTrader,2021-08-09,-80.47,1,0.0,-80.47,1.3,2.2775833333333333
2026-04_Quantum_US30_SingleTrader,2021-08-10,216.02,3,0.6666666666666666,72.00666666666667,2.7,254.99421666666666
2026-04_Quantum_US30_SingleTrader,2021-08-12,-68.74,1,0.0,-68.74,1.4,364.5023166666667
2026-04_Quantum_US30_SingleTrader,2021-08-13,9.75,1,1.0,9.75,1.3,314.9083
2026-04_Quantum_US30_SingleTrader,2021-08-16,42.379999999999995,3,0.6666666666666666,14.126666666666665,2.3,165.37715
2026-04_Quantum_US30_SingleTrader,2021-08-19,-167.13,3,0.0,-55.71,2.7,51.548516666666664
2026-04_Quantum_US30_SingleTrader,2021-08-20,291.92,3,1.0,97.30666666666667,2.7,79.50569999999999
2026-04_Quantum_US30_SingleTrader,2021-08-23,42.08,3,0.3333333333333333,14.026666666666666,2.7,264.9928
2026-04_Quantum_US30_SingleTrader,2021-08-26,-106.93,1,0.0,-106.93,1.7,32.10155
2026-04_Quantum_US30_SingleTrader,2021-08-27,51.03,3,1.0,17.01,2.7,264.9942
2026-04_Quantum_US30_SingleTrader,2021-08-30,-86.66,1,0.0,-86.66,1.4,98.68045000000001
2026-04_Quantum_US30_SingleTrader,2021-08-31,-149.51,3,0.0,-49.836666666666666,2.4,107.87255
2026-04_Quantum_US30_SingleTrader,2021-10-01,122.95,2,1.0,61.475,1.0,70.70984166666666
2026-04_Quantum_US30_SingleTrader,2021-10-05,-62.15,2,0.0,-31.075,1.0,12.965175
2026-04_Quantum_US30_SingleTrader,2021-10-07,-62.5,2,0.0,-31.25,1.0,148.42608333333334
2026-04_Quantum_US30_SingleTrader,2021-10-11,-61.9,2,0.0,-30.95,1.0,17.352566666666668
2026-04_Quantum_US30_SingleTrader,2021-10-14,70.45,2,1.0,35.225,1.0,262.49399166666666
2026-04_Quantum_US30_SingleTrader,2021-10-15,50.35,2,1.0,25.175,1.0,132.494575
2026-04_Quantum_US30_SingleTrader,2021-10-18,-61.5,2,0.0,-30.75,1.0,170.08015
2026-04_Quantum_US30_SingleTrader,2021-10-19,-24.8,2,0.5,-12.4,1.0,219.34295
2026-04_Quantum_US30_SingleTrader,2021-10-25,-27.25,2,0.0,-13.625,1.0,192.49193333333332
2026-04_Quantum_US30_SingleTrader,2021-10-26,-30.95,1,0.0,-30.95,0.5,15.543183333333333
2026-04_Quantum_US30_SingleTrader,2021-10-29,-61.75,2,0.0,-30.875,1.0,88.95005
2026-04_Quantum_US30_SingleTrader,2021-11-01,-99.04,1,0.0,-99.04,1.6,4.0074
2026-04_Quantum_US30_SingleTrader,2021-11-02,31.019999999999996,3,0.3333333333333333,10.339999999999998,4.4,183.58036666666666
2026-04_Quantum_US30_SingleTrader,2021-11-04,-44.0,1,0.0,-44.0,1.6,290.8525166666667
2026-04_Quantum_US30_SingleTrader,2021-11-05,-139.48,1,0.0,-139.48,2.2,17.597083333333334
2026-04_Quantum_US30_SingleTrader,2021-11-08,-135.24,1,0.0,-135.24,2.1,4.1602
2026-04_Quantum_US30_SingleTrader,2021-11-09,185.4,1,1.0,185.4,1.5,124.25346666666665
2026-04_Quantum_US30_SingleTrader,2021-11-11,4.7,2,1.0,2.35,1.0,157.49808333333334
2026-04_Quantum_US30_SingleTrader,2021-11-12,85.15,3,1.0,28.383333333333336,4.1,264.99716666666666
2026-04_Quantum_US30_SingleTrader,2021-11-16,203.17,2,0.5,101.585,3.3000000000000003,142.19
2026-04_Quantum_US30_SingleTrader,2021-11-18,209.27,1,1.0,209.27,1.7,25.453599999999998
2026-04_Quantum_US30_SingleTrader,2021-11-19,-167.98,3,0.0,-55.99333333333333,2.7,19.31055
2026-04_Quantum_US30_SingleTrader,2021-11-22,132.44000000000003,3,0.3333333333333333,44.146666666666675,4.4,18.572316666666666
2026-04_Quantum_US30_SingleTrader,2021-11-23,-141.45,1,0.0,-141.45,2.3,29.528200000000002
2026-04_Quantum_US30_SingleTrader,2021-11-29,-105.74,1,0.0,-105.74,1.7,106.46406666666667
2026-04_Quantum_US30_SingleTrader,2021-11-30,-142.78,1,0.0,-142.78,2.2,0.9248
2026-04_Quantum_US30_SingleTrader,2021-12-02,31.599999999999998,2,0.5,15.799999999999999,1.0,8.121116666666666
2026-04_Quantum_US30_SingleTrader,2021-12-03,-69.19,1,0.0,-69.19,1.1,2.1808666666666667
2026-04_Quantum_US30_SingleTrader,2021-12-06,123.1,2,1.0,61.55,1.0,90.668375
2026-04_Quantum_US30_SingleTrader,2021-12-07,-61.5,2,0.0,-30.75,1.0,96.38640833333332
2026-04_Quantum_US30_SingleTrader,2021-12-09,122.8,2,1.0,61.4,1.0,171.28286666666668
2026-04_Quantum_US30_SingleTrader,2021-12-10,-68.09,1,0.0,-68.09,1.1,28.604916666666668
2026-04_Quantum_US30_SingleTrader,2021-12-14,-69.74,1,0.0,-69.74,1.1,38.7955
2026-04_Quantum_US30_SingleTrader,2021-12-20,-75.24,1,0.0,-75.24,1.1,4.468883333333333
2026-04_Quantum_US30_SingleTrader,2021-12-21,9.45,2,0.5,4.725,1.0,128.800925
2026-04_Quantum_US30_SingleTrader,2021-12-27,123.05,2,1.0,61.525,1.0,256.8634
2026-04_Quantum_US30_SingleTrader,2022-01-03,162.63,1,1.0,162.63,1.3,3.237016666666667
2026-04_Quantum_US30_SingleTrader,2022-01-04,134.86,1,1.0,134.86,1.1,45.608716666666666
2026-04_Quantum_US30_SingleTrader,2022-01-06,173.04,1,1.0,173.04,1.4,14.998533333333334
2026-04_Quantum_US30_SingleTrader,2022-01-07,-151.96,3,0.0,-50.653333333333336,2.4,11.390899999999998
2026-04_Quantum_US30_SingleTrader,2022-01-11,30.400000000000002,2,0.5,15.200000000000001,1.0,85.51950833333333
2026-04_Quantum_US30_SingleTrader,2022-01-13,-130.24,3,0.0,-43.413333333333334,2.1,19.618949999999998
2026-04_Quantum_US30_SingleTrader,2022-01-20,74.10999999999999,3,0.3333333333333333,24.70333333333333,2.1,12.518866666666666
2026-04_Quantum_US30_SingleTrader,2022-01-21,94.22999999999999,3,0.3333333333333333,31.409999999999997,2.3,2.791516666666667
2026-04_Quantum_US30_SingleTrader,2022-01-25,319.96,3,1.0,106.65333333333332,2.5999999999999996,19.418499999999998
2026-04_Quantum_US30_SingleTrader,2022-01-27,152.52,1,1.0,152.52,1.2,8.546716666666667
2026-04_Quantum_US30_SingleTrader,2022-01-28,-37.68,3,0.3333333333333333,-12.56,2.4,22.078866666666666
2026-04_Quantum_US30_SingleTrader,2022-01-31,72.84,3,0.6666666666666666,24.28,2.4,33.09021666666667
2026-04_Quantum_US30_SingleTrader,2022-02-04,-76.08,1,0.0,-76.08,1.2,7.70405
2026-04_Quantum_US30_SingleTrader,2022-02-07,294.24,2,1.0,147.12,2.4,96.37565000000001
2026-04_Quantum_US30_SingleTrader,2022-02-08,71.88,2,0.5,35.94,2.4,124.94545
2026-04_Quantum_US30_SingleTrader,2022-02-10,368.55,2,1.0,184.275,3.0,28.796650000000003
2026-04_Quantum_US30_SingleTrader,2022-02-11,388.95000000000005,3,0.6666666666666666,129.65,3.5,16.829333333333334
2026-04_Quantum_US30_SingleTrader,2022-02-17,-90.86,1,0.0,-90.86,1.4,2.16275
2026-04_Quantum_US30_SingleTrader,2022-02-18,-88.48,1,0.0,-88.48,1.4,17.105083333333333
2026-04_Quantum_US30_SingleTrader,2022-02-22,392.32,2,1.0,196.16,3.2,26.74778333333333
2026-04_Quantum_US30_SingleTrader,2022-02-24,-174.72,2,0.0,-87.36,2.8,9.627883333333333
2026-04_Quantum_US30_SingleTrader,2022-02-25,343.98,2,1.0,171.99,2.8,29.94494166666667
2026-04_Quantum_US30_SingleTrader,2022-02-28,-174.01999999999998,2,0.0,-87.00999999999999,2.8,11.064975
2026-04_Quantum_US30_SingleTrader,2022-03-04,84.98,2,0.5,42.49,2.8,16.377341666666666
2026-04_Quantum_US30_SingleTrader,2022-03-08,86.38000000000001,2,0.5,43.190000000000005,2.8,10.534333333333334
2026-04_Quantum_US30_SingleTrader,2022-03-14,-88.76,1,0.0,-88.76,1.4,5.410200000000001
2026-04_Quantum_US30_SingleTrader,2022-03-15,-174.72,2,0.0,-87.36,2.8,18.594291666666667
2026-04_Quantum_US30_SingleTrader,2022-03-17,344.67999999999995,2,1.0,172.33999999999997,2.8,70.33966666666667
2026-04_Quantum_US30_SingleTrader,2022-03-18,367.8,2,1.0,183.9,3.0,142.40483333333333
2026-04_Quantum_US30_SingleTrader,2022-03-24,368.1,2,1.0,184.05,3.0,150.409675
2026-04_Quantum_US30_SingleTrader,2022-03-25,-24.84,1,0.0,-24.84,0.4,2.0044333333333335
2026-04_Quantum_US30_SingleTrader,2022-04-04,271.2,2,1.0,135.6,3.2,262.4997
2026-04_Quantum_US30_SingleTrader,2022-04-05,196.16,1,1.0,196.16,1.6,28.010783333333332
2026-04_Quantum_US30_SingleTrader,2022-04-07,212.67,1,1.0,212.67,1.7,56.60573333333333
2026-04_Quantum_US30_SingleTrader,2022-04-08,-1.0200000000000102,3,0.3333333333333333,-0.3400000000000034,5.1,170.05349999999999
2026-04_Quantum_US30_SingleTrader,2022-04-12,-104.89,1,0.0,-104.89,1.7,32.04318333333333
2026-04_Quantum_US30_SingleTrader,2022-04-14,-106.08,1,0.0,-106.08,1.7,50.56373333333333
2026-04_Quantum_US30_SingleTrader,2022-04-18,-106.08,1,0.0,-106.08,1.7,20.851166666666664
2026-04_Quantum_US30_SingleTrader,2022-04-19,-16.000000000000014,3,0.3333333333333333,-5.333333333333338,5.0,119.0326
2026-04_Quantum_US30_SingleTrader,2022-04-21,-199.68,3,0.0,-66.56,3.2,14.435966666666667
2026-04_Quantum_US30_SingleTrader,2022-04-22,196.16,2,1.0,98.08,1.6,47.696725
2026-04_Quantum_US30_SingleTrader,2022-04-26,-99.84,2,0.0,-49.92,1.6,14.922008333333334
2026-04_Quantum_US30_SingleTrader,2022-04-28,396.15999999999997,2,1.0,198.07999999999998,3.2,12.175333333333334
2026-04_Quantum_US30_SingleTrader,2022-04-29,49.04,1,1.0,49.04,0.4,30.068516666666667
2026-04_Quantum_US30_SingleTrader,2022-05-02,10.219999999999985,3,0.3333333333333333,3.4066666666666614,5.7,22.045399999999997
2026-04_Quantum_US30_SingleTrader,2022-05-03,-100.64,2,0.0,-50.32,1.6,19.607233333333337
2026-04_Quantum_US30_SingleTrader,2022-05-06,-103.84,2,0.0,-51.92,1.6,4.81485
2026-04_Quantum_US30_SingleTrader,2022-05-09,-106.08,1,0.0,-106.08,1.7,15.263499999999999
2026-04_Quantum_US30_SingleTrader,2022-05-10,196.96,1,1.0,196.96,1.6,11.6258
2026-04_Quantum_US30_SingleTrader,2022-05-12,120.39999999999999,2,0.5,60.199999999999996,4.0,27.4034
2026-04_Quantum_US30_SingleTrader,2022-05-13,-49.60000000000001,3,0.3333333333333333,-16.533333333333335,2.0,12.117383333333333
2026-04_Quantum_US30_SingleTrader,2022-05-16,-205.15,3,0.0,-68.38333333333334,3.3,9.181333333333333
2026-04_Quantum_US30_SingleTrader,2022-05-17,-99.04,1,0.0,-99.04,1.6,10.362483333333333
2026-04_Quantum_US30_SingleTrader,2022-05-19,-49.92,1,0.0,-49.92,0.8,4.545766666666666
2026-04_Quantum_US30_SingleTrader,2022-05-20,-51.120000000000005,3,0.3333333333333333,-17.040000000000003,5.6,19.8524
2026-04_Quantum_US30_SingleTrader,2022-05-23,-98.80000000000001,2,0.0,-49.400000000000006,1.6,47.769933333333334
2026-04_Quantum_US30_SingleTrader,2022-05-24,196.16,1,1.0,196.16,1.6,33.832816666666666
2026-04_Quantum_US30_SingleTrader,2022-05-26,196.16,2,1.0,98.08,1.6,89.81625
2026-04_Quantum_US30_SingleTrader,2022-05-27,196.88,2,1.0,98.44,1.6,213.44284166666668
2026-04_Quantum_US30_SingleTrader,2022-05-31,196.0,2,1.0,98.0,1.6,82.43615833333334
2026-04_Quantum_US30_SingleTrader,2022-06-02,417.69,2,1.0,208.845,3.4,119.70140833333335
2026-04_Quantum_US30_SingleTrader,2022-06-03,-114.12,1,0.0,-114.12,1.8,13.198816666666666
2026-04_Quantum_US30_SingleTrader,2022-06-06,-131.04,1,0.0,-131.04,2.1,30.67251666666667
2026-04_Quantum_US30_SingleTrader,2022-06-07,36.87000000000002,3,0.3333333333333333,12.290000000000006,5.7,31.327166666666667
2026-04_Quantum_US30_SingleTrader,2022-06-09,-115.02,1,0.0,-115.02,1.8,13.071416666666666
2026-04_Quantum_US30_SingleTrader,2022-06-13,-105.23,1,0.0,-105.23,1.7,4.310533333333334
2026-04_Quantum_US30_SingleTrader,2022-06-14,-106.08,1,0.0,-106.08,1.7,1.51285
2026-04_Quantum_US30_SingleTrader,2022-06-17,-106.93,1,0.0,-106.93,1.7,3.948916666666667
2026-04_Quantum_US30_SingleTrader,2022-06-21,353.09,3,0.6666666666666666,117.69666666666666,5.4,127.36946666666667
2026-04_Quantum_US30_SingleTrader,2022-06-24,676.59,3,1.0,225.53,5.5,264.1979166666667
2026-04_Quantum_US30_SingleTrader,2022-06-27,-230.82999999999998,2,0.0,-115.41499999999999,3.7,19.018425
2026-04_Quantum_US30_SingleTrader,2022-06-28,-137.28,1,0.0,-137.28,2.2,11.100483333333333
2026-04_Quantum_US30_SingleTrader,2022-06-30,441.36,2,1.0,220.68,3.6,42.26544166666667
2026-04_Quantum_US30_SingleTrader,2022-07-01,232.94,1,1.0,232.94,1.9,6.020216666666667
2026-04_Quantum_US30_SingleTrader,2022-07-07,-118.56,1,0.0,-118.56,1.9,28.964533333333335
2026-04_Quantum_US30_SingleTrader,2022-07-08,-230.43,3,0.0,-76.81,3.7,16.9836
2026-04_Quantum_US30_SingleTrader,2022-07-11,-260.38,3,0.0,-86.79333333333334,3.7,57.071133333333336
2026-04_Quantum_US30_SingleTrader,2022-07-12,107.91,3,0.3333333333333333,35.97,3.6,21.14285
2026-04_Quantum_US30_SingleTrader,2022-07-14,220.68,2,1.0,110.34,1.8,10.1996
2026-04_Quantum_US30_SingleTrader,2022-07-15,-229.98000000000002,3,0.0,-76.66000000000001,3.7,29.027183333333333
2026-04_Quantum_US30_SingleTrader,2022-07-18,328.14,3,0.6666666666666666,109.38,5.4,58.9398
2026-04_Quantum_US30_SingleTrader,2022-07-19,287.67,3,0.6666666666666666,95.89,3.7,37.744233333333334
2026-04_Quantum_US30_SingleTrader,2022-07-21,-112.5,2,0.0,-56.25,1.8,47.117691666666666
2026-04_Quantum_US30_SingleTrader,2022-07-22,77.71000000000001,3,0.3333333333333333,25.903333333333336,5.699999999999999,53.021166666666666
2026-04_Quantum_US30_SingleTrader,2022-07-26,-119.51,1,0.0,-119.51,1.9,9.98855
2026-04_Quantum_US30_SingleTrader,2022-07-28,104.42,3,0.6666666666666666,34.806666666666665,3.7,114.42883333333333
2026-04_Quantum_US30_SingleTrader,2022-07-29,-231.28,3,0.0,-77.09333333333333,3.7,23.9136
2026-04_Quantum_US30_SingleTrader,2022-08-01,-284.83,3,0.0,-94.94333333333333,4.6,43.17401666666667
2026-04_Quantum_US30_SingleTrader,2022-08-02,159.18,3,0.3333333333333333,53.06,4.0,48.89398333333334
2026-04_Quantum_US30_SingleTrader,2022-08-05,142.47,2,1.0,71.235,1.8,182.49909166666666
2026-04_Quantum_US30_SingleTrader,2022-08-08,-191.52,1,0.0,-191.52,2.8,123.67013333333333
2026-04_Quantum_US30_SingleTrader,2022-08-09,-136.18,1,0.0,-136.18,2.2,9.947416666666667
2026-04_Quantum_US30_SingleTrader,2022-08-11,-173.6,1,0.0,-173.6,2.8,65.25948333333334
2026-04_Quantum_US30_SingleTrader,2022-08-12,552.1500000000001,3,1.0,184.05000000000004,4.5,187.69513333333333
2026-04_Quantum_US30_SingleTrader,2022-08-15,448.7,3,1.0,149.56666666666666,4.7,239.9936833333333
2026-04_Quantum_US30_SingleTrader,2022-08-16,614.3,3,1.0,204.76666666666665,5.0,114.8275
2026-04_Quantum_US30_SingleTrader,2022-08-18,-154.5,1,0.0,-154.5,2.5,24.00361666666667
2026-04_Quantum_US30_SingleTrader,2022-08-19,-159.75,1,0.0,-159.75,2.5,37.40358333333334
2026-04_Quantum_US30_SingleTrader,2022-08-22,588.48,2,1.0,294.24,4.8,86.20641666666668
2026-04_Quantum_US30_SingleTrader,2022-08-23,-153.75,1,0.0,-153.75,2.5,153.87681666666668
2026-04_Quantum_US30_SingleTrader,2022-08-25,246.2,2,1.0,123.1,2.0,115.43790833333333
2026-04_Quantum_US30_SingleTrader,2022-08-26,957.5799999999999,3,1.0,319.1933333333333,7.800000000000001,62.7033
2026-04_Quantum_US30_SingleTrader,2022-08-29,271.70000000000005,2,1.0,135.85000000000002,2.2,67.939975
2026-04_Quantum_US30_SingleTrader,2022-08-30,344.68,1,1.0,344.68,2.8,26.9411
2026-04_Quantum_US30_SingleTrader,2022-09-06,-19.17,1,0.0,-19.17,0.3,11.145766666666667
2026-04_Quantum_US30_SingleTrader,2022-09-29,-18.57,1,0.0,-18.57,0.3,0.6101333333333333
2026-04_Quantum_US30_SingleTrader,2022-10-03,-149.16,2,0.0,-74.58,2.4,7.051875000000001
2026-04_Quantum_US30_SingleTrader,2022-10-04,-135.74,2,0.0,-67.87,2.2,49.519225000000006
2026-04_Quantum_US30_SingleTrader,2022-10-10,-142.37,1,0.0,-142.37,2.3,2.8136666666666668
2026-04_Quantum_US30_SingleTrader,2022-10-11,273.02,2,1.0,136.51,2.2,31.298775
2026-04_Quantum_US30_SingleTrader,2022-10-13,274.66999999999996,2,1.0,137.33499999999998,2.2,5.580075
2026-04_Quantum_US30_SingleTrader,2022-10-20,-351.48,4,0.0,-87.87,7.199999999999999,54.763325
2026-04_Quantum_US30_SingleTrader,2022-10-21,283.68,2,1.0,141.84,2.3,11.626591666666666
2026-04_Quantum_US30_SingleTrader,2022-10-25,-148.8,2,0.0,-74.4,2.4,111.18201666666667
2026-04_Quantum_US30_SingleTrader,2022-10-28,294.84000000000003,2,1.0,147.42000000000002,2.4,55.778675
2026-04_Quantum_US30_SingleTrader,2022-10-31,-148.2,2,0.0,-74.1,2.4,51.616483333333335
2026-04_Quantum_US30_SingleTrader,2022-11-01,443.16,1,1.0,443.16,3.6,38.28025
2026-04_Quantum_US30_SingleTrader,2022-11-03,-310.75,2,0.0,-155.375,5.0,4.446616666666666
2026-04_Quantum_US30_SingleTrader,2022-11-04,603.19,1,1.0,603.19,4.9,13.544666666666666
2026-04_Quantum_US30_SingleTrader,2022-11-07,-620.16,3,0.0,-206.72,9.899999999999999,7.2621
2026-04_Quantum_US30_SingleTrader,2022-11-08,288.85,3,0.3333333333333333,96.28333333333335,9.8,106.22308333333334
2026-04_Quantum_US30_SingleTrader,2022-11-10,-297.12,2,0.0,-148.56,4.8,44.951225
2026-04_Quantum_US30_SingleTrader,2022-11-14,277.34000000000003,3,0.3333333333333333,92.44666666666667,9.8,11.14865
2026-04_Quantum_US30_SingleTrader,2022-11-15,63.24000000000001,2,0.5,31.620000000000005,2.4,8.702175
2026-04_Quantum_US30_SingleTrader,2022-11-17,618.0,2,1.0,309.0,5.0,19.58374166666667
2026-04_Quantum_US30_SingleTrader,2022-11-21,-324.48,1,0.0,-324.48,5.2,2.26155
2026-04_Quantum_US30_SingleTrader,2022-11-22,223.35000000000002,3,0.6666666666666666,74.45,9.899999999999999,259.99943333333334
2026-04_Quantum_US30_SingleTrader,2022-11-28,-28.49999999999997,3,0.6666666666666666,-9.499999999999991,7.5,83.69686666666666
2026-04_Quantum_US30_SingleTrader,2022-11-29,-240.92,1,0.0,-240.92,3.8,4.815799999999999
2026-04_Quantum_US30_SingleTrader,2022-12-01,-154.75,1,0.0,-154.75,2.5,6.684316666666667
2026-04_Quantum_US30_SingleTrader,2022-12-02,296.03999999999996,2,1.0,148.01999999999998,2.4,202.92069166666667
2026-04_Quantum_US30_SingleTrader,2022-12-05,314.0,1,1.0,314.0,2.5,8.676133333333333
2026-04_Quantum_US30_SingleTrader,2022-12-06,-162.24,1,0.0,-162.24,2.6,3.7116833333333332
2026-04_Quantum_US30_SingleTrader,2022-12-08,-148.56,2,0.0,-74.28,2.4,13.3674
2026-04_Quantum_US30_SingleTrader,2022-12-09,-149.16,2,0.0,-74.58,2.4,28.291833333333333
2026-04_Quantum_US30_SingleTrader,2022-12-12,295.08000000000004,2,1.0,147.54000000000002,2.4,212.14400833333332
2026-04_Quantum_US30_SingleTrader,2022-12-16,-157.25,1,0.0,-157.25,2.5,12.266516666666666
2026-04_Quantum_US30_SingleTrader,2022-12-19,-156.0,1,0.0,-156.0,2.5,10.1214
2026-04_Quantum_US30_SingleTrader,2022-12-20,294.96,2,1.0,147.48,2.4,89.87367499999999
2026-04_Quantum_US30_SingleTrader,2022-12-23,10.260000000000005,3,0.6666666666666666,3.4200000000000017,4.9,245.00095000000002
2026-04_Quantum_US30_SingleTrader,2022-12-27,-156.36,2,0.0,-78.18,2.4,143.44986666666665
2026-04_Quantum_US30_SingleTrader,2022-12-29,45.36,2,0.5,22.68,2.4,262.49968333333334
2026-04_Quantum_US30_SingleTrader,2022-12-30,306.5,1,1.0,306.5,2.5,10.846866666666667
2026-04_Quantum_US30_SingleTrader,2023-01-03,381.61,1,1.0,381.61,3.1,7.369783333333333
2026-04_Quantum_US30_SingleTrader,2023-01-06,157.82,3,0.6666666666666666,52.60666666666666,5.2,165.18566666666666
2026-04_Quantum_US30_SingleTrader,2023-01-09,488.84,5,0.6,97.768,7.9,77.17983333333333
2026-04_Quantum_US30_SingleTrader,2023-01-10,-255.55,2,0.0,-127.775,4.0,36.91961666666667
2026-04_Quantum_US30_SingleTrader,2023-01-12,223.8,3,0.3333333333333333,74.60000000000001,6.0,67.17185
2026-04_Quantum_US30_SingleTrader,2023-01-13,-88.35000000000002,3,0.3333333333333333,-29.450000000000006,5.300000000000001,105.72643333333333
2026-04_Quantum_US30_SingleTrader,2023-01-17,409.53,1,1.0,409.53,3.3,62.337183333333336
2026-04_Quantum_US30_SingleTrader,2023-01-20,-347.9,3,0.0,-115.96666666666665,5.6,15.6151
2026-04_Quantum_US30_SingleTrader,2023-01-23,157.87,3,0.3333333333333333,52.623333333333335,5.5,35.20598333333333
2026-04_Quantum_US30_SingleTrader,2023-01-24,-366.34,3,0.0,-122.11333333333333,5.9,12.213249999999999
2026-04_Quantum_US30_SingleTrader,2023-01-26,-169.83,1,0.0,-169.83,2.7,13.0139
2026-04_Quantum_US30_SingleTrader,2023-01-27,-336.0,3,0.0,-112.0,5.300000000000001,16.49716666666667
2026-04_Quantum_US30_SingleTrader,2023-01-30,319.28,1,1.0,319.28,2.6,27.249566666666666
2026-04_Quantum_US30_SingleTrader,2023-01-31,151.45,3,0.6666666666666666,50.48333333333333,5.300000000000001,197.5604
2026-04_Quantum_US30_SingleTrader,2023-02-02,-168.75,1,0.0,-168.75,2.7,54.78828333333333
2026-04_Quantum_US30_SingleTrader,2023-02-03,-376.35,3,0.0,-125.45,6.0,19.459283333333335
2026-04_Quantum_US30_SingleTrader,2023-02-06,-329.41999999999996,2,0.0,-164.70999999999998,5.2,84.53293333333333
2026-04_Quantum_US30_SingleTrader,2023-02-07,614.25,2,1.0,307.125,5.0,63.11203333333333
2026-04_Quantum_US30_SingleTrader,2023-02-09,318.5,1,1.0,318.5,2.6,89.05021666666667
2026-04_Quantum_US30_SingleTrader,2023-02-10,-333.72,2,0.0,-166.86,5.4,31.589641666666665
2026-04_Quantum_US30_SingleTrader,2023-02-13,358.02,2,1.0,179.01,5.2,262.498375
2026-04_Quantum_US30_SingleTrader,2023-02-16,667.44,2,1.0,333.72,5.4,173.76761666666664
2026-04_Quantum_US30_SingleTrader,2023-02-17,-271.53,3,0.3333333333333333,-90.50999999999999,6.3,12.349983333333334
2026-04_Quantum_US30_SingleTrader,2023-02-21,649.6199999999999,3,1.0,216.53999999999996,9.6,134.99341666666666
2026-04_Quantum_US30_SingleTrader,2023-02-23,355.54,1,1.0,355.54,2.9,48.12976666666667
2026-04_Quantum_US30_SingleTrader,2023-02-24,-180.96,1,0.0,-180.96,2.9,37.72313333333333
2026-04_Quantum_US30_SingleTrader,2023-03-02,738.9200000000001,2,1.0,369.46000000000004,5.8,46.19136666666667
2026-04_Quantum_US30_SingleTrader,2023-03-03,738.6,2,1.0,369.3,6.0,93.11802500000002
2026-04_Quantum_US30_SingleTrader,2023-03-06,-387.19,2,0.0,-193.595,6.2,108.9001
2026-04_Quantum_US30_SingleTrader,2023-03-07,763.22,2,1.0,381.61,6.2,105.11647500000001
2026-04_Quantum_US30_SingleTrader,2023-03-09,744.72,3,0.6666666666666666,248.24,7.2,28.320416666666667
2026-04_Quantum_US30_SingleTrader,2023-03-10,394.02,4,0.5,98.505,13.2,17.996366666666667
2026-04_Quantum_US30_SingleTrader,2023-03-16,843.88,2,1.0,421.94,6.8,18.503491666666665
2026-04_Quantum_US30_SingleTrader,2023-03-20,-438.55,2,0.0,-219.275,7.0,20.188074999999998
2026-04_Quantum_US30_SingleTrader,2023-03-23,859.95,2,1.0,429.975,7.0,12.485383333333333
2026-04_Quantum_US30_SingleTrader,2023-03-24,892.44,2,1.0,446.22,7.2,90.02823333333333
2026-04_Quantum_US30_SingleTrader,2023-03-28,-216.07999999999998,2,0.0,-108.03999999999999,7.4,132.49812500000002
2026-04_Quantum_US30_SingleTrader,2023-03-31,910.94,2,1.0,455.47,7.4,228.76394999999997
2026-04_Quantum_US30_SingleTrader,2023-04-03,482.04,1,1.0,482.04,3.9,11.58265
2026-04_Quantum_US30_SingleTrader,2023-04-06,-361.14,2,0.0,-180.57,7.8,183.25378333333333
2026-04_Quantum_US30_SingleTrader,2023-04-10,-481.26,2,0.0,-240.63,7.8,32.63405
2026-04_Quantum_US30_SingleTrader,2023-04-11,536.9399999999999,3,1.0,178.98,11.399999999999999,259.99401666666665
2026-04_Quantum_US30_SingleTrader,2023-04-13,1438.71,3,1.0,479.57,11.7,108.11528333333334
2026-04_Quantum_US30_SingleTrader,2023-04-20,-507.17,2,0.0,-253.585,8.2,188.78738333333334
2026-04_Quantum_US30_SingleTrader,2023-04-21,-249.6,1,0.0,-249.6,4.0,24.204783333333335
2026-04_Quantum_US30_SingleTrader,2023-04-24,-256.0,1,0.0,-256.0,4.0,126.08436666666667
2026-04_Quantum_US30_SingleTrader,2023-04-25,-103.71000000000001,3,0.6666666666666666,-34.57,7.699999999999999,154.98526666666666
2026-04_Quantum_US30_SingleTrader,2023-04-27,712.92,3,0.6666666666666666,237.64,11.7,81.7265
2026-04_Quantum_US30_SingleTrader,2023-04-28,466.0,3,0.6666666666666666,155.33333333333334,12.0,88.41290000000001
2026-04_Quantum_US30_SingleTrader,2023-05-01,-248.4,2,0.0,-124.2,4.0,46.180925
2026-04_Quantum_US30_SingleTrader,2023-05-04,502.66,1,1.0,502.66,4.1,6.176066666666667
2026-04_Quantum_US30_SingleTrader,2023-05-12,514.92,1,1.0,514.92,4.2,46.28916666666667
2026-04_Quantum_US30_SingleTrader,2023-05-15,-284.13,2,0.0,-142.065,4.2,23.066708333333334
2026-04_Quantum_US30_SingleTrader,2023-05-16,-270.48,1,0.0,-270.48,4.2,4.282716666666667
2026-04_Quantum_US30_SingleTrader,2023-05-18,-534.6800000000001,3,0.0,-178.2266666666667,8.2,7.19595
2026-04_Quantum_US30_SingleTrader,2023-05-19,506.76,1,1.0,506.76,4.1,20.4273
2026-04_Quantum_US30_SingleTrader,2023-05-22,517.02,1,1.0,517.02,4.2,12.4842
2026-04_Quantum_US30_SingleTrader,2023-05-23,-260.4,2,0.0,-130.2,4.2,70.77435
2026-04_Quantum_US30_SingleTrader,2023-05-25,-263.34,1,0.0,-263.34,4.2,37.91765
2026-04_Quantum_US30_SingleTrader,2023-05-26,297.46000000000004,3,1.0,99.15333333333335,5.2,244.99923333333334
2026-04_Quantum_US30_SingleTrader,2023-05-30,547.26,1,1.0,547.26,4.2,103.18623333333333
2026-04_Quantum_US30_SingleTrader,2023-06-01,1697.08,3,1.0,565.6933333333333,13.8,50.947700000000005
2026-04_Quantum_US30_SingleTrader,2023-06-02,1831.9099999999999,3,1.0,610.6366666666667,14.9,181.85456666666667
2026-04_Quantum_US30_SingleTrader,2023-06-05,-306.74,1,0.0,-306.74,4.9,6.083200000000001
2026-04_Quantum_US30_SingleTrader,2023-06-06,-359.6,1,0.0,-359.6,5.8,36.261849999999995
2026-04_Quantum_US30_SingleTrader,2023-06-08,597.61,3,0.6666666666666666,199.20333333333335,15.100000000000001,259.99935
2026-04_Quantum_US30_SingleTrader,2023-06-09,712.82,1,1.0,712.82,5.8,29.67686666666667
2026-04_Quantum_US30_SingleTrader,2023-06-12,-373.2,1,0.0,-373.2,6.0,5.059866666666666
2026-04_Quantum_US30_SingleTrader,2023-06-13,-365.8,1,0.0,-365.8,5.9,38.53175
2026-04_Quantum_US30_SingleTrader,2023-06-15,1006.66,3,0.6666666666666666,335.55333333333334,15.8,18.5703
2026-04_Quantum_US30_SingleTrader,2023-06-16,-369.0,1,0.0,-369.0,6.0,10.232983333333333
2026-04_Quantum_US30_SingleTrader,2023-06-20,614.5,1,1.0,614.5,5.0,39.3513
2026-04_Quantum_US30_SingleTrader,2023-06-22,-383.69,1,0.0,-383.69,6.1,27.890766666666664
2026-04_Quantum_US30_SingleTrader,2023-06-23,-620.0,2,0.0,-310.0,10.0,125.41201666666666
2026-04_Quantum_US30_SingleTrader,2023-06-26,-367.57,1,0.0,-367.57,5.9,14.112816666666667
2026-04_Quantum_US30_SingleTrader,2023-06-27,400.24,3,0.6666666666666666,133.41333333333333,15.399999999999999,244.99893333333333
2026-04_Quantum_US30_SingleTrader,2023-06-29,-59.59000000000003,3,0.6666666666666666,-19.863333333333344,15.5,260.0002166666667
2026-04_Quantum_US30_SingleTrader,2023-06-30,542.8399999999999,3,0.6666666666666666,180.94666666666663,15.5,200.00096666666667
2026-04_Quantum_US30_SingleTrader,2023-07-07,-308.5,2,0.0,-154.25,5.0,165.5599
2026-04_Quantum_US30_SingleTrader,2023-07-10,410.62,1,1.0,410.62,4.9,379.9992166666667
2026-04_Quantum_US30_SingleTrader,2023-07-11,285.5,3,0.6666666666666666,95.16666666666667,9.8,199.7332
2026-04_Quantum_US30_SingleTrader,2023-07-13,-318.5,1,0.0,-318.5,5.0,72.76965
2026-04_Quantum_US30_SingleTrader,2023-07-17,887.5,3,1.0,295.8333333333333,10.0,205.0003
2026-04_Quantum_US30_SingleTrader,2023-07-18,740.42,3,1.0,246.80666666666664,10.3,249.9981
2026-04_Quantum_US30_SingleTrader,2023-07-20,303.99,3,0.3333333333333333,101.33,10.600000000000001,144.21458333333334
2026-04_Quantum_US30_SingleTrader,2023-07-24,609.8000000000001,3,0.3333333333333333,203.26666666666668,10.5,255.00084999999999
2026-04_Quantum_US30_SingleTrader,2023-07-25,-16.47,2,0.0,-8.235,5.4,202.49965833333334
2026-04_Quantum_US30_SingleTrader,2023-07-27,1334.3400000000001,2,1.0,667.1700000000001,10.8,48.884458333333335
2026-04_Quantum_US30_SingleTrader,2023-07-28,-697.76,3,0.0,-232.58666666666667,11.2,92.0932
2026-04_Quantum_US30_SingleTrader,2023-07-31,-338.25,1,0.0,-338.25,5.5,5.742766666666666
2026-04_Quantum_US30_SingleTrader,2023-08-01,-504.3,1,0.0,-504.3,8.2,43.94161666666666
2026-04_Quantum_US30_SingleTrader,2023-08-03,-524.46,3,0.0,-174.82000000000002,11.600000000000001,245.00051666666667
2026-04_Quantum_US30_SingleTrader,2023-08-04,-816.07,3,0.0,-272.02333333333337,13.100000000000001,123.97613333333334
2026-04_Quantum_US30_SingleTrader,2023-08-07,1564.8899999999999,3,1.0,521.63,12.7,151.28706666666668
2026-04_Quantum_US30_SingleTrader,2023-08-08,798.85,1,1.0,798.85,6.5,37.91496666666667
2026-04_Quantum_US30_SingleTrader,2023-08-10,1016.75,1,1.0,1016.75,8.3,24.448766666666664
2026-04_Quantum_US30_SingleTrader,2023-08-11,-231.25999999999996,3,0.6666666666666666,-77.08666666666666,14.2,260.00016666666664
2026-04_Quantum_US30_SingleTrader,2023-08-14,-418.2,1,0.0,-418.2,6.8,25.884666666666664
2026-04_Quantum_US30_SingleTrader,2023-08-15,-416.74,1,0.0,-416.74,6.7,58.67963333333333
2026-04_Quantum_US30_SingleTrader,2023-08-17,1135.93,3,0.6666666666666666,378.6433333333334,21.3,66.7547
2026-04_Quantum_US30_SingleTrader,2023-08-18,-125.72,2,0.5,-62.86,5.6,187.61158333333333
2026-04_Quantum_US30_SingleTrader,2023-08-21,834.36,1,1.0,834.36,6.8,39.125883333333334
2026-04_Quantum_US30_SingleTrader,2023-08-22,-1291.01,3,0.0,-430.33666666666664,20.8,70.09138333333334
2026-04_Quantum_US30_SingleTrader,2023-08-24,802.92,3,0.6666666666666666,267.64,21.6,149.99958333333333
2026-04_Quantum_US30_SingleTrader,2023-08-25,-432.63,1,0.0,-432.63,6.9,40.2859
2026-04_Quantum_US30_SingleTrader,2023-08-28,-554.2,1,0.0,-554.2,8.5,90.70446666666666
2026-04_Quantum_US30_SingleTrader,2023-08-29,1716.96,3,1.0,572.32,14.0,130.31879999999998
2026-04_Quantum_US30_SingleTrader,2023-08-31,-440.3,1,0.0,-440.3,7.0,8.705483333333332
2026-04_Quantum_US30_SingleTrader,2023-10-02,-179.8,1,0.0,-179.8,2.9,6.422833333333333
2026-04_Quantum_US30_SingleTrader,2023-10-06,722.97,2,1.0,361.485,5.8,17.721049999999998
2026-04_Quantum_US30_SingleTrader,2023-10-09,-359.89,2,0.0,-179.945,5.8,18.891966666666665
2026-04_Quantum_US30_SingleTrader,2023-10-10,-358.15,2,0.0,-179.075,5.8,96.5341
2026-04_Quantum_US30_SingleTrader,2023-10-12,1424.48,2,1.0,712.24,11.6,44.3781
2026-04_Quantum_US30_SingleTrader,2023-10-13,-369.0,1,0.0,-369.0,6.0,6.935316666666667
2026-04_Quantum_US30_SingleTrader,2023-10-16,-359.89,2,0.0,-179.945,5.8,11.957899999999999
2026-04_Quantum_US30_SingleTrader,2023-10-17,715.4300000000001,2,1.0,357.71500000000003,5.8,42.57144166666667
2026-04_Quantum_US30_SingleTrader,2023-10-19,-375.6,2,0.0,-187.8,6.0,22.633783333333334
2026-04_Quantum_US30_SingleTrader,2023-10-23,-372.94,2,0.0,-186.47,5.8,31.261875
2026-04_Quantum_US30_SingleTrader,2023-10-26,-376.42,1,0.0,-376.42,5.9,16.22515
2026-04_Quantum_US30_SingleTrader,2023-10-27,1434.92,2,1.0,717.46,11.6,98.73994166666667
2026-04_Quantum_US30_SingleTrader,2023-10-30,185.39999999999998,2,0.5,92.69999999999999,6.0,34.015058333333336
2026-04_Quantum_US30_SingleTrader,2023-10-31,346.5,2,1.0,173.25,6.0,167.49943333333331
2026-04_Quantum_US30_SingleTrader,2023-11-02,3004.32,3,1.0,1001.44,24.5,174.6337333333333
2026-04_Quantum_US30_SingleTrader,2023-11-03,-642.16,3,0.0,-214.0533333333333,26.5,204.99994999999998
2026-04_Quantum_US30_SingleTrader,2023-11-06,-1104.24,3,0.0,-368.08,19.5,78.60706666666667
2026-04_Quantum_US30_SingleTrader,2023-11-07,1004.65,3,0.3333333333333333,334.8833333333333,25.9,74.38621666666667
2026-04_Quantum_US30_SingleTrader,2023-11-09,1573.5500000000002,2,1.0,786.7750000000001,13.100000000000001,157.752525
2026-04_Quantum_US30_SingleTrader,2023-11-10,3300.62,3,1.0,1100.2066666666667,26.9,174.56103333333334
2026-04_Quantum_US30_SingleTrader,2023-11-13,-913.96,2,0.0,-456.98,14.6,74.75980000000001
2026-04_Quantum_US30_SingleTrader,2023-11-14,839.2800000000001,3,0.3333333333333333,279.76000000000005,29.1,27.124950000000002
2026-04_Quantum_US30_SingleTrader,2023-11-16,-899.36,1,0.0,-899.36,14.6,10.014199999999999
2026-04_Quantum_US30_SingleTrader,2023-11-20,3534.13,3,1.0,1178.0433333333333,28.5,128.8128
2026-04_Quantum_US30_SingleTrader,2023-11-21,-288.84,1,0.0,-288.84,11.6,379.9376166666667
2026-04_Quantum_US30_SingleTrader,2023-11-27,-957.88,1,0.0,-957.88,15.4,86.68541666666667
2026-04_Quantum_US30_SingleTrader,2023-11-28,892.6700000000001,3,0.3333333333333333,297.5566666666667,30.7,30.15468333333333
2026-04_Quantum_US30_SingleTrader,2023-11-30,937.1999999999999,3,0.3333333333333333,312.4,30.5,47.2376
2026-04_Quantum_US30_SingleTrader,2023-12-01,956.28,2,1.0,478.14,7.8,49.0963
2026-04_Quantum_US30_SingleTrader,2023-12-04,-494.4,1,0.0,-494.4,8.0,86.48215
2026-04_Quantum_US30_SingleTrader,2023-12-05,-485.85,1,0.0,-485.85,7.9,84.55083333333333
2026-04_Quantum_US30_SingleTrader,2023-12-08,341.11,3,0.6666666666666666,113.70333333333333,8.9,150.00076666666666
2026-04_Quantum_US30_SingleTrader,2023-12-11,351.78,2,1.0,175.89,7.8,232.50056666666666
2026-04_Quantum_US30_SingleTrader,2023-12-12,349.44,2,1.0,174.72,7.8,249.99848333333335
2026-04_Quantum_US30_SingleTrader,2023-12-14,-492.8,1,0.0,-492.8,8.0,9.380466666666667
2026-04_Quantum_US30_SingleTrader,2023-12-15,-982.89,3,0.0,-327.63,15.7,79.01756666666667
2026-04_Quantum_US30_SingleTrader,2023-12-19,177.83999999999997,2,1.0,88.91999999999999,7.6,232.4986
2026-04_Quantum_US30_SingleTrader,2023-12-22,-68.86,1,0.0,-68.86,1.1,188.40641666666667
2026-04_Quantum_US30_SingleTrader,2023-12-26,456.27,3,0.6666666666666666,152.09,15.3,230.49558333333334
2026-04_Quantum_US30_SingleTrader,2023-12-28,-217.62,2,0.0,-108.81,7.8,179.99315833333333
2026-04_Quantum_US30_SingleTrader,2023-12-29,955.5,1,1.0,955.5,7.8,124.22631666666666
2026-04_Quantum_US30_SingleTrader,2024-01-02,-482.82,2,0.0,-241.41,7.8,196.58146666666664
2026-04_Quantum_US30_SingleTrader,2024-01-04,476.44000000000005,3,0.3333333333333333,158.81333333333336,15.9,20.509283333333332
2026-04_Quantum_US30_SingleTrader,2024-01-05,452.92,3,0.3333333333333333,150.97333333333333,15.9,30.419833333333333
2026-04_Quantum_US30_SingleTrader,2024-01-08,1976.0,3,1.0,658.6666666666666,16.0,160.70385
2026-04_Quantum_US30_SingleTrader,2024-01-09,-512.0899999999999,2,0.0,-256.04499999999996,8.2,80.414425
2026-04_Quantum_US30_SingleTrader,2024-01-11,1226.61,1,1.0,1226.61,9.9,15.704316666666667
2026-04_Quantum_US30_SingleTrader,2024-01-12,-517.44,1,0.0,-517.44,8.4,14.756866666666667
2026-04_Quantum_US30_SingleTrader,2024-01-16,-1088.02,3,0.0,-362.67333333333335,18.2,114.99918333333333
2026-04_Quantum_US30_SingleTrader,2024-01-18,-1127.9,3,0.0,-375.9666666666667,17.8,21.01115
2026-04_Quantum_US30_SingleTrader,2024-01-19,986.0,2,1.0,493.0,8.0,44.571374999999996
2026-04_Quantum_US30_SingleTrader,2024-01-22,-504.3,1,0.0,-504.3,8.2,231.39728333333332
2026-04_Quantum_US30_SingleTrader,2024-01-23,72.75,1,1.0,72.75,9.7,377.38100000000003
2026-04_Quantum_US30_SingleTrader,2024-01-25,-500.58,1,0.0,-500.58,8.1,55.9955
2026-04_Quantum_US30_SingleTrader,2024-01-26,459.3,3,0.3333333333333333,153.1,16.2,65.69441666666667
2026-04_Quantum_US30_SingleTrader,2024-01-29,-498.15,1,0.0,-498.15,8.1,82.2113
2026-04_Quantum_US30_SingleTrader,2024-01-30,286.05,3,0.6666666666666666,95.35000000000001,15.8,178.19866666666667
2026-04_Quantum_US30_SingleTrader,2024-02-01,1470.4,3,0.6666666666666666,490.1333333333334,24.0,11.571816666666667
2026-04_Quantum_US30_SingleTrader,2024-02-02,-1027.54,2,0.0,-513.77,16.6,73.01875
2026-04_Quantum_US30_SingleTrader,2024-02-06,119.6,1,1.0,119.6,2.0,341.58303333333333
2026-04_Quantum_US30_SingleTrader,2024-02-08,-498.15,1,0.0,-498.15,8.1,199.7185
2026-04_Quantum_US30_SingleTrader,2024-02-09,992.25,1,1.0,992.25,8.1,134.36055
2026-04_Quantum_US30_SingleTrader,2024-02-12,-1022.54,2,0.0,-511.27,16.4,111.050775
2026-04_Quantum_US30_SingleTrader,2024-02-13,3425.31,3,1.0,1141.77,27.9,32.20206666666667
2026-04_Quantum_US30_SingleTrader,2024-02-15,2113.88,2,1.0,1056.94,17.2,167.26953333333333
2026-04_Quantum_US30_SingleTrader,2024-02-16,-1108.8,2,0.0,-554.4,18.0,71.47833333333332
2026-04_Quantum_US30_SingleTrader,2024-02-22,2427.26,3,1.0,809.0866666666667,19.8,48.33305
2026-04_Quantum_US30_SingleTrader,2024-02-23,-141.45,1,0.0,-141.45,2.3,86.56561666666667
2026-04_Quantum_US30_SingleTrader,2024-02-26,-1490.5,3,0.0,-496.8333333333333,24.2,24.023266666666665
2026-04_Quantum_US30_SingleTrader,2024-03-01,1511.22,2,1.0,755.61,17.8,257.49640833333336
2026-04_Quantum_US30_SingleTrader,2024-03-04,-567.64,1,0.0,-567.64,9.2,20.84511666666667
2026-04_Quantum_US30_SingleTrader,2024-03-05,2235.87,2,1.0,1117.935,18.2,64.11040833333334
2026-04_Quantum_US30_SingleTrader,2024-03-08,-141.45,1,0.0,-141.45,2.3,71.69876666666667
2026-04_Quantum_US30_SingleTrader,2024-03-11,1715.5,2,1.0,857.75,18.8,196.88344166666667
2026-04_Quantum_US30_SingleTrader,2024-03-12,-149.52,1,0.0,-149.52,2.4,33.279
2026-04_Quantum_US30_SingleTrader,2024-03-15,294.48,1,1.0,294.48,2.4,92.64406666666667
2026-04_Quantum_US30_SingleTrader,2024-03-19,1328.9,2,1.0,664.45,19.4,202.50040833333333
2026-04_Quantum_US30_SingleTrader,2024-04-04,-8.600000000000023,2,0.5,-4.300000000000011,14.8,10.459291666666665
2026-04_Quantum_US30_SingleTrader,2024-04-05,3652.11,3,1.0,1217.3700000000001,29.700000000000003,45.86095
2026-04_Quantum_US30_SingleTrader,2024-04-08,-654.15,1,0.0,-654.15,10.5,15.480766666666666
2026-04_Quantum_US30_SingleTrader,2024-04-09,-639.6,1,0.0,-639.6,10.4,7.450916666666667
2026-04_Quantum_US30_SingleTrader,2024-04-12,-190.23000000000002,2,0.5,-95.11500000000001,10.2,104.49719166666667
2026-04_Quantum_US30_SingleTrader,2024-04-15,612.96,3,0.6666666666666666,204.32000000000002,20.5,28.995266666666666
2026-04_Quantum_US30_SingleTrader,2024-04-18,-675.46,5,0.2,-135.092,42.0,30.426033333333333
2026-04_Quantum_US30_SingleTrader,2024-04-19,1899.1,3,0.6666666666666666,633.0333333333333,31.3,50.15468333333333
2026-04_Quantum_US30_SingleTrader,2024-04-22,2602.3,2,1.0,1301.15,21.2,36.81359166666667
2026-04_Quantum_US30_SingleTrader,2024-04-23,2581.7,3,1.0,860.5666666666666,33.4,259.99648333333334
2026-04_Quantum_US30_SingleTrader,2024-04-25,-1407.9,2,0.0,-703.95,22.8,41.07624166666666
2026-04_Quantum_US30_SingleTrader,2024-04-26,-1587.9,3,0.0,-529.3000000000001,33.4,190.00111666666666
2026-04_Quantum_US30_SingleTrader,2024-04-29,-670.35,1,0.0,-670.35,10.9,24.368566666666666
2026-04_Quantum_US30_SingleTrader,2024-05-02,-669.6,1,0.0,-669.6,10.8,41.66415
2026-04_Quantum_US30_SingleTrader,2024-05-09,1302.74,2,1.0,651.37,10.6,122.66976666666666
2026-04_Quantum_US30_SingleTrader,2024-05-10,-670.35,1,0.0,-670.35,10.9,115.18245
2026-04_Quantum_US30_SingleTrader,2024-05-13,-210.6,2,0.5,-105.3,26.0,167.49783333333335
2026-04_Quantum_US30_SingleTrader,2024-05-16,-668.52,2,0.0,-334.26,10.8,50.76237499999999
2026-04_Quantum_US30_SingleTrader,2024-05-17,-651.9,2,0.0,-325.95,10.6,44.09084166666666
2026-04_Quantum_US30_SingleTrader,2024-05-20,1106.67,3,0.6666666666666666,368.89000000000004,30.5,114.99806666666667
2026-04_Quantum_US30_SingleTrader,2024-05-21,-658.05,1,0.0,-658.05,10.7,9.937583333333333
2026-04_Quantum_US30_SingleTrader,2024-05-23,3148.8,2,1.0,1574.4,25.6,28.89121666666667
2026-04_Quantum_US30_SingleTrader,2024-05-24,-684.87,1,0.0,-684.87,11.1,6.402699999999999
2026-04_Quantum_US30_SingleTrader,2024-05-28,3247.2,2,1.0,1623.6,26.4,73.261875
2026-04_Quantum_US30_SingleTrader,2024-05-30,-714.56,1,0.0,-714.56,11.6,24.569883333333333
2026-04_Quantum_US30_SingleTrader,2024-05-31,1396.5,2,1.0,698.25,11.4,128.88383333333334
2026-04_Quantum_US30_SingleTrader,2024-06-03,1433.25,1,1.0,1433.25,11.7,59.16976666666667
2026-04_Quantum_US30_SingleTrader,2024-06-04,4744.41,3,1.0,1581.47,38.7,41.24211666666667
2026-04_Quantum_US30_SingleTrader,2024-06-06,-783.59,1,0.0,-783.59,12.7,2.1698166666666667
2026-04_Quantum_US30_SingleTrader,2024-06-07,264.15,3,0.3333333333333333,88.05,40.9,73.75811666666667
2026-04_Quantum_US30_SingleTrader,2024-06-10,-830.8000000000001,3,0.3333333333333333,-276.93333333333334,39.9,115.00026666666666
2026-04_Quantum_US30_SingleTrader,2024-06-13,1531.25,1,1.0,1531.25,12.5,54.450116666666666
2026-04_Quantum_US30_SingleTrader,2024-06-14,-1583.69,2,0.0,-791.845,25.4,54.184425
2026-04_Quantum_US30_SingleTrader,2024-06-17,2253.36,3,0.6666666666666666,751.12,37.0,100.9973
2026-04_Quantum_US30_SingleTrader,2024-06-18,-970.2,1,0.0,-970.2,15.4,48.64693333333333
2026-04_Quantum_US30_SingleTrader,2024-06-20,4973.5,3,1.0,1657.8333333333333,40.599999999999994,57.87765
2026-04_Quantum_US30_SingleTrader,2024-06-21,-1004.4,1,0.0,-1004.4,16.2,4.742616666666667
2026-04_Quantum_US30_SingleTrader,2024-06-24,273.6,3,0.3333333333333333,91.2,43.2,35.55626666666667
2026-04_Quantum_US30_SingleTrader,2024-06-25,1682.45,1,1.0,1682.45,13.3,74.50246666666666
2026-04_Quantum_US30_SingleTrader,2024-06-27,299.29999999999995,3,0.3333333333333333,99.76666666666665,44.2,138.20431666666667
2026-04_Quantum_US30_SingleTrader,2024-06-28,-1016.8,1,0.0,-1016.8,16.4,31.6016
2026-04_Quantum_US30_SingleTrader,2024-07-01,-837.0,1,0.0,-837.0,13.5,33.14333333333333
2026-04_Quantum_US30_SingleTrader,2024-07-02,247.68,3,0.6666666666666666,82.56,26.6,109.99651666666666
2026-04_Quantum_US30_SingleTrader,2024-07-08,-824.1,1,0.0,-824.1,13.4,31.6764
2026-04_Quantum_US30_SingleTrader,2024-07-09,-811.8,2,0.0,-405.9,13.2,71.10565833333334
2026-04_Quantum_US30_SingleTrader,2024-07-11,-1618.85,3,0.0,-539.6166666666667,26.1,22.633733333333332
2026-04_Quantum_US30_SingleTrader,2024-07-12,1976.75,3,0.6666666666666666,658.9166666666666,25.9,54.4522
2026-04_Quantum_US30_SingleTrader,2024-07-15,-1637.6,3,0.0,-545.8666666666667,26.2,35.2547
2026-04_Quantum_US30_SingleTrader,2024-07-16,1970.45,3,0.6666666666666666,656.8166666666667,26.0,12.581066666666667
2026-04_Quantum_US30_SingleTrader,2024-07-18,-837.9,1,0.0,-837.9,13.3,42.79071666666667
2026-04_Quantum_US30_SingleTrader,2024-07-22,-816.13,1,0.0,-816.13,13.1,7.650766666666667
2026-04_Quantum_US30_SingleTrader,2024-07-23,-1596.4,3,0.0,-532.1333333333333,25.8,48.99635
2026-04_Quantum_US30_SingleTrader,2024-07-25,778.81,3,0.6666666666666666,259.6033333333333,25.299999999999997,35.614133333333335
2026-04_Quantum_US30_SingleTrader,2024-07-26,750.15,3,0.6666666666666666,250.04999999999998,25.5,24.037966666666666
2026-04_Quantum_US30_SingleTrader,2024-07-30,-799.5,1,0.0,-799.5,13.0,88.42403333333333
2026-04_Quantum_US30_SingleTrader,2024-08-01,2541.6099999999997,3,0.6666666666666666,847.2033333333333,49.7,71.97518333333333
2026-04_Quantum_US30_SingleTrader,2024-08-02,1950.93,1,1.0,1950.93,15.9,9.99395
2026-04_Quantum_US30_SingleTrader,2024-08-06,369.85,3,0.6666666666666666,123.28333333333335,33.8,26.1048
2026-04_Quantum_US30_SingleTrader,2024-08-08,1653.5,3,0.3333333333333333,551.1666666666666,34.5,11.758866666666668
2026-04_Quantum_US30_SingleTrader,2024-08-09,415.38,2,0.5,207.69,13.8,22.357708333333335
2026-04_Quantum_US30_SingleTrader,2024-08-12,2074.8,1,1.0,2074.8,16.8,10.609566666666666
2026-04_Quantum_US30_SingleTrader,2024-08-13,-913.8,3,0.3333333333333333,-304.59999999999997,35.5,61.61976666666667
2026-04_Quantum_US30_SingleTrader,2024-08-15,-1331.25,1,0.0,-1331.25,21.3,4.274816666666666
2026-04_Quantum_US30_SingleTrader,2024-08-16,1088.82,2,1.0,544.41,13.8,196.17260000000002
2026-04_Quantum_US30_SingleTrader,2024-08-19,-2153.88,3,0.0,-717.96,35.0,23.059916666666666
2026-04_Quantum_US30_SingleTrader,2024-08-22,-2267.35,3,0.3333333333333333,-755.7833333333333,53.3,40.24295
2026-04_Quantum_US30_SingleTrader,2024-08-23,1632.27,3,0.3333333333333333,544.09,33.900000000000006,11.202166666666667
2026-04_Quantum_US30_SingleTrader,2024-08-26,427.48,3,0.3333333333333333,142.49333333333334,54.3,35.756483333333335
2026-04_Quantum_US30_SingleTrader,2024-08-29,2482.1,3,0.6666666666666666,827.3666666666667,30.5,46.99131666666666
2026-04_Quantum_US30_SingleTrader,2024-08-30,2091.0,1,1.0,2091.0,17.0,60.69181666666667
2026-04_Quantum_US30_SingleTrader,2024-09-10,258.3,1,1.0,258.3,2.1,40.13066666666667
2026-04_Quantum_US30_SingleTrader,2024-10-07,3642.4,2,1.0,1821.2,29.0,32.706183333333335
2026-04_Quantum_US30_SingleTrader,2024-10-11,-929.25,2,0.0,-464.625,15.0,43.06204166666667
2026-04_Quantum_US30_SingleTrader,2024-10-14,1839.0,2,1.0,919.5,15.0,183.93705
2026-04_Quantum_US30_SingleTrader,2024-10-17,-953.8,2,0.0,-476.9,15.2,7.5139
2026-04_Quantum_US30_SingleTrader,2024-10-18,-933.75,2,0.0,-466.875,15.0,73.82549166666666
2026-04_Quantum_US30_SingleTrader,2024-10-22,1847.25,2,1.0,923.625,15.0,124.27833333333334
2026-04_Quantum_US30_SingleTrader,2024-10-25,3763.8,2,1.0,1881.9,30.6,19.541491666666666
2026-04_Quantum_US30_SingleTrader,2024-10-31,-142.6,1,0.0,-142.6,2.3,23.86981666666667
2026-04_Quantum_US30_SingleTrader,2024-11-01,3905.44,1,1.0,3905.44,31.7,20.23735
2026-04_Quantum_US30_SingleTrader,2024-11-04,3062.8,1,1.0,3062.8,24.7,115.60436666666666
2026-04_Quantum_US30_SingleTrader,2024-11-05,-1178.1799999999998,3,0.3333333333333333,-392.72666666666663,67.2,62.27513333333333
2026-04_Quantum_US30_SingleTrader,2024-11-08,2024.4,3,0.3333333333333333,674.8000000000001,67.2,30.357016666666667
2026-04_Quantum_US30_SingleTrader,2024-11-11,4218.9,1,1.0,4218.9,34.3,23.55823333333333
2026-04_Quantum_US30_SingleTrader,2024-11-12,-2195.55,1,0.0,-2195.55,35.7,8.646183333333333
2026-04_Quantum_US30_SingleTrader,2024-11-14,-1624.4,1,0.0,-1624.4,26.2,10.008383333333335
2026-04_Quantum_US30_SingleTrader,2024-11-15,-1594.44,1,0.0,-1594.44,25.8,76.14266666666667
2026-04_Quantum_US30_SingleTrader,2024-11-18,-4195.62,3,0.0,-1398.54,67.1,23.7479
2026-04_Quantum_US30_SingleTrader,2024-11-19,-2033.1,2,0.0,-1016.55,32.4,49.689825
2026-04_Quantum_US30_SingleTrader,2024-11-21,1817.2,3,0.3333333333333333,605.7333333333333,64.9,6.967933333333334
2026-04_Quantum_US30_SingleTrader,2024-11-22,1897.22,3,0.3333333333333333,632.4066666666666,66.3,18.08223333333333
2026-04_Quantum_US30_SingleTrader,2024-11-25,-2085.3,1,0.0,-2085.3,33.1,36.32621666666667
2026-04_Quantum_US30_SingleTrader,2024-11-26,2384.7,3,0.6666666666666666,794.9,56.1,114.13383333333333
2026-04_Quantum_US30_SingleTrader,2024-12-02,187.58,1,1.0,187.58,16.6,375.13128333333333
2026-04_Quantum_US30_SingleTrader,2024-12-03,2041.8,1,1.0,2041.8,16.6,119.28733333333334
2026-04_Quantum_US30_SingleTrader,2024-12-05,-1047.8,1,0.0,-1047.8,16.9,11.485800000000001
2026-04_Quantum_US30_SingleTrader,2024-12-06,2066.4,1,1.0,2066.4,16.8,187.03813333333335
2026-04_Quantum_US30_SingleTrader,2024-12-09,-1051.65,1,0.0,-1051.65,17.1,68.36721666666668
2026-04_Quantum_US30_SingleTrader,2024-12-10,-1050.0,2,0.0,-525.0,16.8,30.843291666666666
2026-04_Quantum_US30_SingleTrader,2024-12-13,2045.75,1,1.0,2045.75,16.7,66.84871666666666
2026-04_Quantum_US30_SingleTrader,2024-12-17,2099.88,1,1.0,2099.88,17.1,290.07866666666666
2026-04_Quantum_US30_SingleTrader,2024-12-20,2135.85,2,1.0,1067.925,17.4,9.760316666666666
2026-04_Quantum_US30_SingleTrader,2024-12-23,-2206.24,3,0.0,-735.4133333333333,35.400000000000006,96.03893333333333
2026-04_Quantum_US30_SingleTrader,2024-12-26,1257.15,2,1.0,628.575,17.4,262.4969666666667
2026-04_Quantum_US30_SingleTrader,2024-12-30,2176.24,2,1.0,1088.12,17.6,66.59905833333333
2026-04_Quantum_US30_SingleTrader,2024-12-31,2210.4,1,1.0,2210.4,18.0,88.23158333333335
2026-04_Quantum_US30_SingleTrader,2025-01-02,2695.0,1,1.0,2695.0,22.0,40.202083333333334
2026-04_Quantum_US30_SingleTrader,2025-01-03,-1689.19,3,0.0,-563.0633333333334,37.400000000000006,135.00025
2026-04_Quantum_US30_SingleTrader,2025-01-06,-2279.95,3,0.0,-759.9833333333332,36.7,66.26765
2026-04_Quantum_US30_SingleTrader,2025-01-07,-1113.15,1,0.0,-1113.15,18.1,12.445966666666667
2026-04_Quantum_US30_SingleTrader,2025-01-10,2666.0,1,1.0,2666.0,21.5,34.80356666666667
2026-04_Quantum_US30_SingleTrader,2025-01-13,4562.16,3,1.0,1520.72,37.0,134.92156666666668
2026-04_Quantum_US30_SingleTrader,2025-01-14,1582.21,3,0.3333333333333333,527.4033333333333,42.5,52.00821666666666
2026-04_Quantum_US30_SingleTrader,2025-01-17,1148.9,3,0.3333333333333333,382.9666666666667,39.2,157.7502166666667
2026-04_Quantum_US30_SingleTrader,2025-01-21,4850.22,3,1.0,1616.74,39.400000000000006,255.16988333333333
2026-04_Quantum_US30_SingleTrader,2025-01-23,5052.18,3,1.0,1684.0600000000002,41.1,97.49576666666667
2026-04_Quantum_US30_SingleTrader,2025-01-27,5266.5599999999995,3,1.0,1755.5199999999998,42.8,21.06066666666667
2026-04_Quantum_US30_SingleTrader,2025-01-28,-2695.88,3,0.0,-898.6266666666667,43.8,113.48081666666667
2026-04_Quantum_US30_SingleTrader,2025-01-30,664.74,2,0.5,332.37,21.5,60.27215
2026-04_Quantum_US30_SingleTrader,2025-01-31,5943.35,3,1.0,1981.1166666666668,48.2,9.4901
2026-04_Quantum_US30_SingleTrader,2025-02-03,-2810.26,2,0.0,-1405.13,45.4,24.510975000000002
2026-04_Quantum_US30_SingleTrader,2025-02-04,-2149.6800000000003,3,0.3333333333333333,-716.5600000000001,49.8,13.985433333333333
2026-04_Quantum_US30_SingleTrader,2025-02-06,6016.9,2,1.0,3008.45,48.7,66.8136
2026-04_Quantum_US30_SingleTrader,2025-02-07,-1413.6,1,0.0,-1413.6,22.8,8.3466
2026-04_Quantum_US30_SingleTrader,2025-02-11,5582.200000000001,2,1.0,2791.1000000000004,45.2,189.49723333333333
2026-04_Quantum_US30_SingleTrader,2025-02-13,2895.2,1,1.0,2895.2,23.5,32.5961
2026-04_Quantum_US30_SingleTrader,2025-02-20,2940.0,1,1.0,2940.0,24.0,18.12535
2026-04_Quantum_US30_SingleTrader,2025-02-21,10536.5,3,1.0,3512.1666666666665,84.5,51.3401
2026-04_Quantum_US30_SingleTrader,2025-02-24,-101.30000000000018,3,0.3333333333333333,-33.76666666666673,79.6,41.74836666666667
2026-04_Quantum_US30_SingleTrader,2025-02-25,-1619.16,1,0.0,-1619.16,26.2,6.6696333333333335
2026-04_Quantum_US30_SingleTrader,2025-02-27,-3634.3,3,0.0,-1211.4333333333334,58.199999999999996,8.777083333333334
2026-04_Quantum_US30_SingleTrader,2025-02-28,-5054.5,3,0.0,-1684.8333333333333,80.3,19.012516666666667
2026-04_Quantum_US30_SingleTrader,2025-03-03,6071.1,2,1.0,3035.55,49.0,11.4833
2026-04_Quantum_US30_SingleTrader,2025-03-06,-3179.85,2,0.0,-1589.925,51.0,4.026058333333333
2026-04_Quantum_US30_SingleTrader,2025-03-07,-3125.0,2,0.0,-1562.5,50.0,4.847975
2026-04_Quantum_US30_SingleTrader,2025-03-10,1419.6800000000003,2,0.5,709.8400000000001,48.599999999999994,20.000275000000002
2026-04_Quantum_US30_SingleTrader,2025-03-14,2264.41,3,0.6666666666666666,754.8033333333333,55.5,34.920116666666665
2026-04_Quantum_US30_SingleTrader,2025-03-17,6682.5,2,1.0,3341.25,50.0,42.59904166666667
2026-04_Quantum_US30_SingleTrader,2025-03-21,6441.48,2,1.0,3220.74,52.2,78.88005833333332
2026-04_Quantum_US30_SingleTrader,2025-03-25,-3446.24,2,0.0,-1723.12,54.4,42.62575
2026-04_Quantum_US30_SingleTrader,2025-03-31,1622.6000000000001,2,0.5,811.3000000000001,53.2,68.57611666666666
2026-04_Quantum_US30_SingleTrader,2025-04-01,-5084.1,3,0.0,-1694.7,80.69999999999999,60.64013333333333
2026-04_Quantum_US30_SingleTrader,2025-04-04,-1631.5,2,0.0,-815.75,26.0,5.180991666666666
2026-04_Quantum_US30_SingleTrader,2025-04-07,1456.39,2,0.5,728.195,52.1,0.34540000000000004
2026-04_Quantum_US30_SingleTrader,2025-04-08,-919.6400000000001,3,0.3333333333333333,-306.5466666666667,51.6,2.1348333333333334
2026-04_Quantum_US30_SingleTrader,2025-04-11,1592.85,2,0.5,796.425,51.8,13.591308333333334
2026-04_Quantum_US30_SingleTrader,2025-04-14,-1631.25,1,0.0,-1631.25,26.1,6.28965
2026-04_Quantum_US30_SingleTrader,2025-04-15,-1644.65,1,0.0,-1644.65,25.9,38.684200000000004
2026-04_Quantum_US30_SingleTrader,2025-04-17,-3466.24,2,0.0,-1733.12,51.2,9.138183333333334
2026-04_Quantum_US30_SingleTrader,2025-04-21,766.25,2,0.5,383.125,25.0,31.30359166666667
2026-04_Quantum_US30_SingleTrader,2025-04-22,4641.6,3,0.6666666666666666,1547.2,76.6,8.459266666666666
2026-04_Quantum_US30_SingleTrader,2025-04-24,9803.119999999999,3,1.0,3267.7066666666665,78.9,42.299533333333336
2026-04_Quantum_US30_SingleTrader,2025-04-25,-3547.5,2,0.0,-1773.75,55.0,10.8881
2026-04_Quantum_US30_SingleTrader,2025-04-28,1595.9500000000003,3,0.3333333333333333,531.9833333333335,54.3,22.16978333333333
2026-04_Quantum_US30_SingleTrader,2025-04-29,-5062.29,3,0.0,-1687.43,81.0,7.183933333333333
2026-04_Quantum_US30_SingleTrader,2025-05-01,-1640.76,2,0.0,-820.38,26.4,13.043391666666666
2026-04_Quantum_US30_SingleTrader,2025-05-02,-1618.5,2,0.0,-809.25,26.0,41.944633333333336
2026-04_Quantum_US30_SingleTrader,2025-05-05,784.3199999999999,2,0.5,392.15999999999997,25.8,143.12359999999998
2026-04_Quantum_US30_SingleTrader,2025-05-06,1552.7600000000002,3,0.3333333333333333,517.5866666666667,52.4,7.433866666666666
2026-04_Quantum_US30_SingleTrader,2025-05-08,1573.6,3,0.6666666666666666,524.5333333333333,52.2,6.816083333333333
2026-04_Quantum_US30_SingleTrader,2025-05-09,-1656.25,1,0.0,-1656.25,26.5,75.05448333333334
2026-04_Quantum_US30_SingleTrader,2025-05-15,3216.05,2,1.0,1608.025,26.2,91.58428333333333
2026-04_Quantum_US30_SingleTrader,2025-05-16,3274.46,2,1.0,1637.23,26.6,32.090025
2026-04_Quantum_US30_SingleTrader,2025-05-19,4169.08,3,1.0,1389.6933333333334,34.0,58.96093333333333
2026-04_Quantum_US30_SingleTrader,2025-05-20,-1771.65,1,0.0,-1771.65,27.9,5.7620000000000005
2026-04_Quantum_US30_SingleTrader,2025-05-22,841.8,2,0.5,420.9,27.6,51.59044166666667
2026-04_Quantum_US30_SingleTrader,2025-05-23,-1709.7,2,0.0,-854.85,27.8,26.269416666666665
2026-04_Quantum_US30_SingleTrader,2025-05-27,3411.3,2,1.0,1705.65,27.4,62.9919
2026-04_Quantum_US30_SingleTrader,2025-05-29,-1877.08,1,0.0,-1877.08,28.1,7.904833333333333
2026-04_Quantum_US30_SingleTrader,2025-06-02,-1726.38,1,0.0,-1726.38,27.8,7.354716666666667
2026-04_Quantum_US30_SingleTrader,2025-06-03,4549.18,3,0.6666666666666666,1516.3933333333334,87.2,107.66681666666666
2026-04_Quantum_US30_SingleTrader,2025-06-05,-82.56000000000017,3,0.3333333333333333,-27.520000000000056,85.8,65.47461666666666
2026-04_Quantum_US30_SingleTrader,2025-06-06,-2159.43,1,0.0,-2159.43,33.9,102.47111666666666
2026-04_Quantum_US30_SingleTrader,2025-06-09,-3306.1499999999996,2,0.0,-1653.0749999999998,55.8,136.25405833333332
2026-04_Quantum_US30_SingleTrader,2025-06-10,-5476.700000000001,3,0.0,-1825.5666666666668,86.8,85.20516666666667
2026-04_Quantum_US30_SingleTrader,2025-06-12,8871.27,3,1.0,2957.09,84.5,196.53046666666665
2026-04_Quantum_US30_SingleTrader,2025-06-13,-1743.75,1,0.0,-1743.75,27.9,9.269966666666667
2026-04_Quantum_US30_SingleTrader,2025-06-16,4312.93,1,1.0,4312.93,33.1,19.045483333333333
2026-04_Quantum_US30_SingleTrader,2025-06-17,546.8000000000002,3,0.3333333333333333,182.26666666666674,92.0,89.09458333333333
2026-04_Quantum_US30_SingleTrader,2025-06-20,-2114.2,1,0.0,-2114.2,34.1,18.237933333333334
2026-04_Quantum_US30_SingleTrader,2025-06-23,11161.85,3,1.0,3720.616666666667,91.0,91.22898333333333
2026-04_Quantum_US30_SingleTrader,2025-06-24,7330.8,2,1.0,3665.4,59.6,141.10581666666667
2026-04_Quantum_US30_SingleTrader,2025-06-26,5281.49,3,0.6666666666666666,1760.4966666666667,98.69999999999999,134.33275
2026-04_Quantum_US30_SingleTrader,2025-06-27,12558.3,3,1.0,4186.099999999999,102.1,46.21528333333333
2026-04_Quantum_US30_SingleTrader,2025-06-30,-2095.02,1,0.0,-2095.02,33.9,122.88303333333333
2026-04_Quantum_US30_SingleTrader,2025-07-01,1978.2,3,0.3333333333333333,659.4,67.80000000000001,10.685
2026-04_Quantum_US30_SingleTrader,2025-07-10,1998.55,3,0.3333333333333333,666.1833333333333,68.5,30.291150000000002
2026-04_Quantum_US30_SingleTrader,2025-07-14,4206.6,1,1.0,4206.6,34.2,12.385383333333333
2026-04_Quantum_US30_SingleTrader,2025-07-17,4320.62,1,1.0,4320.62,34.9,10.462250000000001
2026-04_Quantum_US30_SingleTrader,2025-07-21,-4398.4,3,0.0,-1466.1333333333332,70.80000000000001,137.41688333333335
2026-04_Quantum_US30_SingleTrader,2025-07-22,-2170.78,1,0.0,-2170.78,34.9,34.737550000000006
2026-04_Quantum_US30_SingleTrader,2025-07-24,-2145.2,2,0.0,-1072.6,34.6,40.97902500000001
2026-04_Quantum_US30_SingleTrader,2025-07-25,139.21000000000004,3,0.6666666666666666,46.40333333333334,68.0,164.98508333333334
2026-04_Quantum_US30_SingleTrader,2025-07-29,-1590.3,1,0.0,-1590.3,34.2,124.99846666666667
2026-04_Quantum_US30_SingleTrader,2025-07-31,5273.35,2,1.0,2636.675,42.7,59.573025
2026-04_Quantum_US30_SingleTrader,2025-08-04,7541.299999999999,3,0.6666666666666666,2513.7666666666664,88.1,25.4821
2026-04_Quantum_US30_SingleTrader,2025-08-05,5325.9,1,1.0,5325.9,43.3,42.5105
2026-04_Quantum_US30_SingleTrader,2025-08-07,5528.64,1,1.0,5528.64,44.3,14.5804
2026-04_Quantum_US30_SingleTrader,2025-08-08,4568.4,3,0.3333333333333333,1522.8,95.8,195.25619999999998
2026-04_Quantum_US30_SingleTrader,2025-08-11,11419.72,3,1.0,3806.5733333333333,141.1,129.99751666666666
2026-04_Quantum_US30_SingleTrader,2025-08-12,8420.82,3,1.0,2806.94,102.30000000000001,259.99694999999997
2026-04_Quantum_US30_SingleTrader,2025-08-18,-3918.75,1,0.0,-3918.75,62.7,5.892916666666666
2026-04_Quantum_US30_SingleTrader,2025-08-19,7601.4,1,1.0,7601.4,61.8,28.043016666666666
2026-04_Quantum_US30_SingleTrader,2025-08-21,3557.47,3,0.3333333333333333,1185.8233333333333,94.3,17.988916666666668
2026-04_Quantum_US30_SingleTrader,2025-08-22,5193.1,3,0.3333333333333333,1731.0333333333335,108.7,51.67221666666667
2026-04_Quantum_US30_SingleTrader,2025-08-25,8464.1,2,1.0,4232.05,106.5,173.65459166666668
2026-04_Quantum_US30_SingleTrader,2025-08-26,-4169.7,1,0.0,-4169.7,67.8,104.15616666666666
2026-04_Quantum_US30_SingleTrader,2025-08-29,-3337.5,1,0.0,-3337.5,53.4,10.232433333333335
2026-04_Quantum_US30_SingleTrader,2025-09-05,811.8,1,1.0,811.8,6.6,118.12235000000001
2026-04_Quantum_US30_SingleTrader,2025-09-16,-277.2,1,0.0,-277.2,6.6,284.29456666666664
2026-04_Quantum_US30_SingleTrader,2025-10-03,5396.6,2,1.0,2698.3,44.0,23.612074999999997
2026-04_Quantum_US30_SingleTrader,2025-10-09,-5585.5599999999995,2,0.0,-2792.7799999999997,89.8,12.161433333333333
2026-04_Quantum_US30_SingleTrader,2025-10-10,-5444.2,2,0.0,-2722.1,87.6,4.785475
2026-04_Quantum_US30_SingleTrader,2025-10-13,-2661.7,2,0.0,-1330.85,43.0,72.80068333333334
2026-04_Quantum_US30_SingleTrader,2025-10-14,5265.360000000001,2,1.0,2632.6800000000003,42.6,14.222349999999999
2026-04_Quantum_US30_SingleTrader,2025-10-20,5358.4400000000005,2,1.0,2679.2200000000003,43.6,103.60154166666666
2026-04_Quantum_US30_SingleTrader,2025-10-21,-2741.7,2,0.0,-1370.85,44.4,29.590208333333337
2026-04_Quantum_US30_SingleTrader,2025-10-23,-1553.2,2,0.0,-776.6,44.0,125.15498333333333
2026-04_Quantum_US30_SingleTrader,2025-10-24,-2707.56,2,0.0,-1353.78,43.6,69.56401666666667
2026-04_Quantum_US30_SingleTrader,2025-10-28,-2693.52,2,0.0,-1346.76,43.2,24.750999999999998
2026-04_Quantum_US30_SingleTrader,2025-11-03,8088.94,1,1.0,8088.94,64.3,16.244
2026-04_Quantum_US30_SingleTrader,2025-11-04,5105.27,3,0.3333333333333333,1701.756666666667,180.2,42.51115
2026-04_Quantum_US30_SingleTrader,2025-11-06,8275.5,1,1.0,8275.5,67.5,10.094066666666667
2026-04_Quantum_US30_SingleTrader,2025-11-10,-5762.88,1,0.0,-5762.88,92.8,15.194733333333334
2026-04_Quantum_US30_SingleTrader,2025-11-11,22708.34,3,1.0,7569.446666666667,185.3,40.351416666666665
2026-04_Quantum_US30_SingleTrader,2025-11-13,1103.6599999999994,3,0.6666666666666666,367.8866666666665,121.9,14.630983333333335
2026-04_Quantum_US30_SingleTrader,2025-11-14,2989.8700000000003,2,0.5,1494.9350000000002,98.1,33.582499999999996
2026-04_Quantum_US30_SingleTrader,2025-11-17,-4818.15,1,0.0,-4818.15,74.7,4.417533333333334
2026-04_Quantum_US30_SingleTrader,2025-11-18,9011.1,1,1.0,9011.1,73.5,12.961166666666665
2026-04_Quantum_US30_SingleTrader,2025-11-20,-6180.0,1,0.0,-6180.0,100.0,34.84068333333333
2026-04_Quantum_US30_SingleTrader,2025-11-21,24655.95,3,1.0,8218.65,198.0,18.13475
2026-04_Quantum_US30_SingleTrader,2025-11-24,-11524.119999999999,3,0.0,-3841.373333333333,185.4,22.450283333333335
2026-04_Quantum_US30_SingleTrader,2025-11-25,5973.0,3,0.6666666666666666,1991.0,201.0,25.29825
2026-04_Quantum_US30_SingleTrader,2025-12-01,-3276.98,1,0.0,-3276.98,52.6,28.76575
2026-04_Quantum_US30_SingleTrader,2025-12-02,-3715.17,3,0.0,-1238.39,59.599999999999994,28.004450000000002
2026-04_Quantum_US30_SingleTrader,2025-12-04,-3207.36,1,0.0,-3207.36,51.4,54.549600000000005
2026-04_Quantum_US30_SingleTrader,2025-12-05,-490.2,1,0.0,-490.2,7.6,33.48051666666667
2026-04_Quantum_US30_SingleTrader,2025-12-09,-468.16,1,0.0,-468.16,7.6,18.554216666666665
2026-04_Quantum_US30_SingleTrader,2025-12-11,6254.16,2,1.0,3127.08,50.6,25.93508333333333
2026-04_Quantum_US30_SingleTrader,2025-12-12,-3201.24,1,0.0,-3201.24,51.8,3.46585
2026-04_Quantum_US30_SingleTrader,2025-12-15,6297.6,1,1.0,6297.6,51.2,15.128933333333332
2026-04_Quantum_US30_SingleTrader,2025-12-16,-3378.58,1,0.0,-3378.58,52.3,1.0907333333333333
2026-04_Quantum_US30_SingleTrader,2025-12-18,-1625.4,1,0.0,-1625.4,25.8,6.029416666666666
2026-04_Quantum_US30_SingleTrader,2025-12-19,-3191.94,2,0.0,-1595.97,51.4,200.09179999999998
2026-04_Quantum_US30_SingleTrader,2025-12-22,-3139.44,2,0.0,-1569.72,50.8,126.33151666666667
2026-04_Quantum_US30_SingleTrader,2025-12-23,-1638.63,3,0.6666666666666666,-546.21,100.19999999999999,260.00128333333333
2026-04_Quantum_US30_SingleTrader,2025-12-29,6149.5,1,1.0,6149.5,50.2,67.36231666666667
2026-04_Quantum_US30_SingleTrader,2026-01-05,12682.06,3,1.0,4227.3533333333335,103.4,31.380533333333336
2026-04_Quantum_US30_SingleTrader,2026-01-06,6650.0,1,1.0,6650.0,53.2,28.076916666666666
2026-04_Quantum_US30_SingleTrader,2026-01-08,5612.01,3,0.6666666666666666,1870.67,109.69999999999999,160.70516666666666
2026-04_Quantum_US30_SingleTrader,2026-01-09,-4115.58,3,0.3333333333333333,-1371.86,109.80000000000001,95.14635
2026-04_Quantum_US30_SingleTrader,2026-01-12,3271.25,3,0.6666666666666666,1090.4166666666667,108.5,181.6625666666667
2026-04_Quantum_US30_SingleTrader,2026-01-13,8222.84,1,1.0,8222.84,66.1,9.120533333333332
2026-04_Quantum_US30_SingleTrader,2026-01-15,-6997.95,3,0.0,-2332.65,112.19999999999999,61.529916666666665
2026-04_Quantum_US30_SingleTrader,2026-01-16,-4163.64,1,0.0,-4163.64,66.3,5.22455
2026-04_Quantum_US30_SingleTrader,2026-01-20,-7100.49,5,0.2,-1420.098,161.9,19.831133333333334
2026-04_Quantum_US30_SingleTrader,2026-01-22,-7923.1,3,0.0,-2641.0333333333333,106.0,29.283483333333333
2026-04_Quantum_US30_SingleTrader,2026-01-26,10907.42,3,1.0,3635.806666666667,105.4,126.10438333333333
2026-04_Quantum_US30_SingleTrader,2026-01-27,-5015.29,3,0.0,-1671.7633333333333,80.5,14.107666666666667
2026-04_Quantum_US30_SingleTrader,2026-01-29,-3329.37,1,0.0,-3329.37,53.1,1.0387666666666666
2026-04_Quantum_US30_SingleTrader,2026-01-30,-3261.2,1,0.0,-3261.2,52.6,5.809816666666666
2026-04_Quantum_US30_SingleTrader,2026-02-02,3182.4000000000005,2,0.5,1591.2000000000003,104.0,104.32560833333335
2026-04_Quantum_US30_SingleTrader,2026-02-03,22274.16,3,1.0,7424.72,181.2,39.53386666666667
2026-04_Quantum_US30_SingleTrader,2026-02-06,13819.58,2,1.0,6909.79,112.4,55.911133333333325
2026-04_Quantum_US30_SingleTrader,2026-02-09,538.7999999999997,3,0.3333333333333333,179.5999999999999,178.0,106.24611666666667
2026-04_Quantum_US30_SingleTrader,2026-02-10,-908.12,1,0.0,-908.12,14.6,29.587316666666666
2026-04_Quantum_US30_SingleTrader,2026-02-12,2766.1400000000003,2,0.5,1383.0700000000002,129.8,12.943925
2026-04_Quantum_US30_SingleTrader,2026-02-13,22125.0,3,1.0,7375.0,178.8,39.80818333333333
2026-04_Quantum_US30_SingleTrader,2026-02-17,-3887.52,1,0.0,-3887.52,62.4,5.246483333333333
2026-04_Quantum_US30_SingleTrader,2026-02-19,-9299.55,2,0.0,-4649.775,148.2,18.292825
2026-04_Quantum_US30_SingleTrader,2026-02-20,-7483.23,2,0.0,-3741.615,120.6,29.668291666666665
2026-04_Quantum_US30_SingleTrader,2026-02-23,-3741.03,1,0.0,-3741.03,59.1,0.6326833333333333
2026-04_Quantum_US30_SingleTrader,2026-02-24,-5453.650000000001,3,0.3333333333333333,-1817.8833333333334,132.0,17.54085
2026-04_Quantum_US30_SingleTrader,2026-02-26,-3680.64,1,0.0,-3680.64,57.6,17.809216666666668
2026-04_Quantum_US30_SingleTrader,2026-02-27,7039.5,1,1.0,7039.5,57.0,7.310066666666667
2026-04_Quantum_US30_SingleTrader,2026-03-02,3392.7299999999996,2,0.5,1696.3649999999998,117.4,60.986525
2026-04_Quantum_US30_SingleTrader,2026-03-03,3621.79,2,0.5,1810.895,117.4,30.08216666666667
2026-04_Quantum_US30_SingleTrader,2026-03-05,-7287.52,2,0.0,-3643.76,118.4,15.188841666666667
2026-04_Quantum_US30_SingleTrader,2026-03-06,-7328.8,2,0.0,-3664.4,115.6,4.691716666666666
2026-04_Quantum_US30_SingleTrader,2026-03-09,-7205.21,2,0.0,-3602.605,113.19999999999999,23.561366666666665
2026-04_Quantum_US30_SingleTrader,2026-03-10,-6917.9400000000005,2,0.0,-3458.9700000000003,111.4,3.4886583333333334
2026-04_Quantum_US30_SingleTrader,2026-03-20,6745.83,2,1.0,3372.915,54.6,57.599266666666665
2026-04_Quantum_US30_SingleTrader,2026-03-24,-3464.54,1,0.0,-3464.54,55.7,5.420283333333333
2026-04_Quantum_US30_SingleTrader,2026-03-27,-7003.21,2,0.0,-3501.605,110.2,30.984783333333333
2026-04_Quantum_US30_SingleTrader,2026-03-31,3090.24,2,0.5,1545.12,107.4,6.710941666666667
2026-04_Quantum_US30_SingleTrader,2026-04-02,-49.5300000000002,3,0.3333333333333333,-16.510000000000066,165.7,7.802099999999999
