close_date,weighted_pnl,equity,drawdown
2019-08-01,246.19,246.19,0.0
2019-08-02,99.12,345.31,0.0
2019-08-06,-61.6,283.71,-61.60000000000002
2019-08-08,-65.8,217.90999999999997,-127.40000000000003
2019-08-09,-61.6,156.30999999999997,-189.00000000000003
2019-08-12,199.83999999999997,356.15,0.0
2019-08-13,123.9,480.04999999999995,0.0
2019-08-16,91.5,571.55,0.0
2019-08-20,-49.6,521.9499999999999,-49.60000000000002
2019-08-22,-68.2,453.74999999999994,-117.80000000000001
2019-08-23,-148.24,305.50999999999993,-266.04
2019-08-29,-73.21000000000001,232.29999999999993,-339.25
2019-08-30,-49.52,182.77999999999992,-388.77000000000004
2019-09-03,-6.2,176.57999999999993,-394.97
2019-10-01,5.880000000000001,182.45999999999992,-389.09000000000003
2019-10-03,12.43,194.88999999999993,-376.66
2019-10-04,73.68,268.56999999999994,-302.98
2019-10-07,-37.769999999999996,230.79999999999995,-340.75
2019-10-08,-38.16,192.63999999999996,-378.90999999999997
2019-10-11,-37.11,155.52999999999997,-416.02
2019-10-14,-14.100000000000001,141.42999999999998,-430.12
2019-10-15,-9.36,132.07,-439.47999999999996
2019-10-22,-37.86,94.21,-477.34
2019-10-25,-15.24,78.97,-492.5799999999999
2019-10-31,2.95,81.92,-489.62999999999994
2019-11-01,95.48,177.4,-394.15
2019-11-05,-83.07,94.33000000000001,-477.2199999999999
2019-11-07,68.46000000000001,162.79000000000002,-408.75999999999993
2019-11-08,-35.6,127.19000000000003,-444.3599999999999
2019-11-12,-81.12,46.07000000000002,-525.4799999999999
2019-11-14,-55.44,-9.369999999999976,-580.92
2019-11-15,139.74,130.37000000000003,-441.17999999999995
2019-11-18,-1.2,129.17000000000004,-442.3799999999999
2019-11-21,-62.1,67.07000000000005,-504.4799999999999
2019-11-22,-4.68,62.39000000000005,-509.1599999999999
2019-11-25,110.63,173.02000000000004,-398.5299999999999
2019-11-26,55.69,228.71000000000004,-342.8399999999999
2019-12-02,73.74,302.45000000000005,-269.0999999999999
2019-12-05,-15.24,287.21000000000004,-284.3399999999999
2019-12-06,-5.73,281.48,-290.06999999999994
2019-12-12,-6.51,274.97,-296.5799999999999
2019-12-19,13.26,288.23,-283.31999999999994
2019-12-26,13.41,301.64000000000004,-269.9099999999999
2019-12-27,17.1,318.74000000000007,-252.8099999999999
2019-12-31,-43.19,275.55000000000007,-295.9999999999999
2020-01-02,-36.96,238.59000000000006,-332.9599999999999
2020-01-03,-74.4,164.19000000000005,-407.3599999999999
2020-01-06,73.74,237.93000000000006,-333.6199999999999
2020-01-07,30.08,268.01000000000005,-303.5399999999999
2020-01-09,-41.74,226.27000000000004,-345.2799999999999
2020-01-14,-55.44,170.83000000000004,-400.7199999999999
2020-01-16,78.87,249.70000000000005,-321.8499999999999
2020-01-17,-14.32,235.38000000000005,-336.1699999999999
2020-01-21,-34.41,200.97000000000006,-370.5799999999999
2020-01-23,10.38,211.35000000000005,-360.19999999999993
2020-01-24,61.45,272.80000000000007,-298.7499999999999
2020-01-27,-37.44,235.36000000000007,-336.1899999999999
2020-01-28,5.190000000000001,240.55000000000007,-330.9999999999999
2020-01-30,-36.96,203.59000000000006,-367.9599999999999
2020-01-31,62.81,266.4000000000001,-305.14999999999986
2020-02-04,-64.92,201.48000000000008,-370.0699999999999
2020-02-10,95.58000000000001,297.06000000000006,-274.4899999999999
2020-02-11,-37.08,259.9800000000001,-311.5699999999999
2020-02-13,-53.7,206.2800000000001,-365.26999999999987
2020-02-14,-95.6,110.68000000000009,-460.8699999999999
2020-02-18,-36.9,73.78000000000009,-497.76999999999987
2020-02-20,74.04,147.8200000000001,-423.72999999999985
2020-02-21,-37.08,110.74000000000011,-460.80999999999983
2020-02-24,-127.15,-16.409999999999897,-587.9599999999998
2020-02-25,245.8,229.3900000000001,-342.15999999999985
2020-02-27,-75.53999999999999,153.8500000000001,-417.6999999999998
2020-02-28,-36.96,116.8900000000001,-454.65999999999985
2020-03-02,147.78,264.6700000000001,-306.8799999999999
2020-03-03,36.419999999999995,301.0900000000001,-270.45999999999987
2020-03-05,-113.22,187.8700000000001,-383.67999999999984
2020-03-06,36.120000000000005,223.9900000000001,-347.55999999999983
2020-03-12,73.68,297.6700000000001,-273.8799999999999
2020-04-20,-75.47999999999999,222.19000000000008,-349.3599999999999
2020-04-23,-2.759999999999998,219.4300000000001,-352.1199999999999
2020-04-27,37.08,256.5100000000001,-315.03999999999985
2020-05-01,74.28,330.7900000000001,-240.75999999999988
2020-05-04,-37.44,293.3500000000001,-278.1999999999999
2020-05-05,-37.379999999999995,255.97000000000008,-315.57999999999987
2020-05-07,-36.9,219.07000000000008,-352.4799999999999
2020-05-08,-37.29,181.7800000000001,-389.76999999999987
2020-05-11,74.34,256.1200000000001,-315.42999999999984
2020-05-12,48.16,304.2800000000001,-267.26999999999987
2020-05-14,-74.88,229.4000000000001,-342.14999999999986
2020-05-15,-9.000000000000002,220.4000000000001,-351.14999999999986
2020-05-18,73.86,294.2600000000001,-277.28999999999985
2020-05-19,-37.44,256.8200000000001,-314.72999999999985
2020-05-21,-6.22,250.6000000000001,-320.9499999999998
2020-05-26,-45.370000000000005,205.2300000000001,-366.3199999999998
2020-05-28,-37.02,168.2100000000001,-403.33999999999986
2020-05-29,73.5,241.7100000000001,-329.83999999999986
2020-06-01,29.4,271.11000000000007,-300.4399999999999
2020-06-02,-74.28,196.83000000000007,-374.7199999999999
2020-06-04,-124.62,72.21000000000006,-499.3399999999999
2020-06-05,-118.86,-46.649999999999935,-618.1999999999999
2020-06-08,110.83,64.18000000000006,-507.3699999999999
2020-06-09,-75.18,-10.999999999999943,-582.55
2020-06-11,73.56,62.56000000000006,-508.9899999999999
2020-06-12,-38.04,24.52000000000006,-547.0299999999999
2020-06-15,104.53,129.05000000000007,-442.4999999999999
2020-06-16,75.06,204.11000000000007,-367.4399999999999
2020-06-18,-74.88,129.23000000000008,-442.3199999999999
2020-06-19,-49.92,79.31000000000007,-492.2399999999999
2020-06-22,109.98,189.29000000000008,-382.2599999999999
2020-06-25,-16.900000000000006,172.39000000000007,-399.15999999999985
2020-06-26,73.56,245.95000000000007,-325.5999999999999
2020-06-29,9.119999999999997,255.07000000000008,-316.4799999999999
2020-06-30,-74.16,180.91000000000008,-390.6399999999999
2020-07-02,-37.14,143.7700000000001,-427.77999999999986
2020-07-07,-74.28,69.4900000000001,-502.05999999999983
2020-07-10,147.36,216.8500000000001,-354.6999999999998
2020-07-13,89.91,306.7600000000001,-264.78999999999985
2020-07-14,104.11999999999999,410.8800000000001,-160.66999999999985
2020-07-16,-43.19,367.6900000000001,-203.85999999999984
2020-07-20,-39.65,328.04000000000013,-243.50999999999982
2020-07-21,-43.96,284.08000000000015,-287.4699999999998
2020-07-23,148.32,432.40000000000015,-139.1499999999998
2020-07-24,-86.66,345.7400000000001,-225.80999999999983
2020-07-27,-43.19,302.5500000000001,-268.99999999999983
2020-07-30,-10.379999999999999,292.17000000000013,-279.3799999999998
2020-07-31,12.31,304.48000000000013,-267.0699999999998
2020-08-03,1.9500000000000002,306.4300000000001,-265.11999999999983
2020-08-04,-37.14,269.29000000000013,-302.2599999999998
2020-08-07,-36.96,232.33000000000013,-339.2199999999998
2020-08-10,180.05,412.3800000000001,-159.16999999999985
2020-08-11,-62.4,349.98000000000013,-221.56999999999982
2020-08-13,-49.92,300.0600000000001,-271.48999999999984
2020-08-14,-37.32,262.7400000000001,-308.80999999999983
2020-08-17,-5.04,257.7000000000001,-313.84999999999985
2020-08-18,-49.92,207.7800000000001,-363.76999999999987
2020-08-20,116.77000000000001,324.55000000000007,-246.9999999999999
2020-08-21,179.21,503.7600000000001,-67.78999999999985
2020-08-24,-61.71,442.0500000000001,-129.49999999999983
2020-08-27,123.1,565.1500000000001,-6.399999999999864
2020-08-28,-49.52,515.6300000000001,-55.919999999999845
2020-10-01,12.81,528.44,-43.1099999999999
2020-10-02,-40.32,488.12000000000006,-83.4299999999999
2020-10-05,11.310000000000002,499.43000000000006,-72.11999999999989
2020-10-09,-39.15,460.2800000000001,-111.26999999999987
2020-10-12,-13.65,446.6300000000001,-124.91999999999985
2020-10-15,74.43,521.0600000000002,-50.48999999999978
2020-10-16,-37.11,483.95000000000016,-87.5999999999998
2020-10-19,171.99,655.9400000000002,0.0
2020-10-20,18.21,674.1500000000002,0.0
2020-10-22,50.76,724.9100000000002,0.0
2020-10-29,74.00999999999999,798.9200000000002,0.0
2020-11-02,-108.48,690.4400000000002,-108.48000000000002
2020-11-03,100.24000000000001,790.6800000000002,-8.240000000000009
2020-11-05,82.81,873.4900000000002,0.0
2020-11-10,-181.31,692.1800000000003,-181.30999999999995
2020-11-12,-126.2,565.9800000000002,-307.51
2020-11-13,172.06,738.0400000000002,-135.45000000000005
2020-11-17,-32.400000000000006,705.6400000000002,-167.85000000000002
2020-11-23,-96.75,608.8900000000002,-264.6
2020-11-24,211.96,820.8500000000003,-52.639999999999986
2020-11-30,135.19,956.0400000000002,0.0
2020-12-03,-49.92,906.1200000000002,-49.91999999999996
2020-12-04,28.259999999999998,934.3800000000002,-21.659999999999968
2020-12-08,8.96,943.3400000000003,-12.699999999999932
2020-12-11,12.02,955.3600000000002,-0.67999999999995
2020-12-14,98.24,1053.6000000000001,0.0
2020-12-15,65.72,1119.3200000000002,0.0
2020-12-18,99.52,1218.8400000000001,0.0
2020-12-21,98.47999999999999,1317.3200000000002,0.0
2020-12-22,-49.52,1267.8000000000002,-49.51999999999998
2020-12-28,-18.560000000000002,1249.2400000000002,-68.07999999999993
2020-12-29,98.32,1347.5600000000002,0.0
2021-01-05,-49.36,1298.2000000000003,-49.3599999999999
2021-01-07,50.64,1348.8400000000004,0.0
2021-01-08,70.36,1419.2000000000003,0.0
2021-01-11,-100.04,1319.1600000000003,-100.03999999999996
2021-01-12,33.480000000000004,1352.6400000000003,-66.55999999999995
2021-01-14,-49.44,1303.2000000000003,-116.0
2021-01-15,-111.94,1191.2600000000002,-227.94000000000005
2021-01-19,-62.4,1128.8600000000001,-290.34000000000015
2021-01-21,-62.9,1065.96,-353.24000000000024
2021-01-22,3.7600000000000002,1069.72,-349.48000000000025
2021-01-25,-56.61,1013.11,-406.09000000000026
2021-01-26,-49.52,963.59,-455.61000000000024
2021-01-28,-87.33,876.26,-542.9400000000003
2021-01-29,110.34,986.6,-432.60000000000025
2021-02-01,-49.52,937.08,-482.12000000000023
2021-02-02,-76.8,860.2800000000001,-558.9200000000002
2021-02-04,20.369999999999997,880.6500000000001,-538.5500000000002
2021-02-09,17.849999999999998,898.5000000000001,-520.7000000000002
2021-02-11,-43.54,854.9600000000002,-564.2400000000001
2021-02-16,2.52,857.4800000000001,-561.7200000000001
2021-02-18,23.03,880.5100000000001,-538.6900000000002
2021-02-19,-87.71000000000001,792.8000000000001,-626.4000000000002
2021-02-22,172.9,965.7,-453.5000000000002
2021-02-23,99.28,1064.98,-354.22000000000025
2021-02-25,98.08,1163.06,-256.1400000000003
2021-02-26,-49.92,1113.1399999999999,-306.0600000000004
2021-03-01,-99.44,1013.6999999999998,-405.50000000000045
2021-03-04,49.76,1063.4599999999998,-355.74000000000046
2021-03-05,197.76,1261.2199999999998,-157.98000000000047
2021-03-08,48.96,1310.1799999999998,-109.02000000000044
2021-03-09,-98.88,1211.2999999999997,-207.90000000000055
2021-03-11,-100.32,1110.9799999999998,-308.2200000000005
2021-03-12,222.14,1333.12,-86.08000000000038
2021-03-15,90.64,1423.76,0.0
2021-03-18,-100.24000000000001,1323.52,-100.24000000000001
2021-03-19,-43.28,1280.24,-143.51999999999998
2021-03-22,-14.239999999999998,1266.0,-157.76
2021-03-23,98.08,1364.08,-59.680000000000064
2021-03-25,196.0,1560.08,0.0
2021-03-29,220.68,1780.76,0.0
2021-04-01,-55.26,1725.5,-55.25999999999999
2021-04-05,158.67000000000002,1884.17,0.0
2021-04-06,-56.16,1828.01,-56.16000000000008
2021-04-08,73.80000000000001,1901.81,0.0
2021-04-09,-55.53,1846.28,-55.52999999999997
2021-04-12,-55.71,1790.57,-111.24000000000001
2021-04-15,157.59,1948.1599999999999,0.0
2021-04-16,39.24,1987.3999999999999,0.0
2021-04-22,50.88,2038.28,0.0
2021-04-23,331.29,2369.57,0.0
2021-04-26,-42.400000000000006,2327.17,-42.40000000000009
2021-05-04,125.7,2452.87,0.0
2021-05-06,-127.3,2325.5699999999997,-127.30000000000018
2021-05-07,76.7,2402.2699999999995,-50.600000000000364
2021-05-10,-61.75,2340.5199999999995,-112.35000000000036
2021-05-13,-62.0,2278.5199999999995,-174.35000000000036
2021-05-14,114.17,2392.6899999999996,-60.18000000000029
2021-05-17,-63.4,2329.2899999999995,-123.58000000000038
2021-05-20,30.349999999999998,2359.6399999999994,-93.23000000000047
2021-05-21,-12.38,2347.2599999999993,-105.61000000000058
2021-05-24,-62.15,2285.109999999999,-167.76000000000067
2021-05-25,125.3,2410.4099999999994,-42.46000000000049
2021-05-27,-12.38,2398.0299999999993,-54.8400000000006
2021-05-28,-61.9,2336.129999999999,-116.74000000000069
2021-06-03,-186.5,2149.629999999999,-303.2400000000007
2021-06-04,-68.09,2081.539999999999,-371.33000000000084
2021-06-10,-68.09,2013.4499999999991,-439.42000000000075
2021-06-11,-7.92,2005.529999999999,-447.3400000000008
2021-06-15,110.61,2116.139999999999,-336.7300000000009
2021-06-17,-68.64,2047.4999999999989,-405.370000000001
2021-06-18,-55.71,1991.7899999999988,-461.08000000000106
2021-06-21,318.77,2310.5599999999986,-142.3100000000013
2021-06-22,-6.299999999999997,2304.2599999999984,-148.6100000000015
2021-06-24,183.51999999999998,2487.7799999999984,0.0
2021-06-25,166.88,2654.6599999999985,0.0
2021-06-28,124.9,2779.5599999999986,0.0
2021-06-29,-81.12,2698.4399999999987,-81.11999999999989
2021-07-02,50.8,2749.239999999999,-30.31999999999971
2021-07-08,-62.25,2686.989999999999,-92.56999999999971
2021-07-09,159.95,2846.9399999999987,0.0
2021-07-12,171.06,3017.9999999999986,0.0
2021-07-13,-69.74,2948.259999999999,-69.73999999999978
2021-07-15,18.39,2966.6499999999987,-51.34999999999991
2021-07-20,258.31,3224.9599999999987,0.0
2021-07-22,16.05,3241.009999999999,0.0
2021-07-23,-130.49,3110.5199999999986,-130.49000000000024
2021-07-26,-34.440000000000005,3076.0799999999986,-164.9300000000003
2021-07-29,-102.89,2973.1899999999987,-267.82000000000016
2021-08-02,-105.23,2867.9599999999987,-373.0500000000002
2021-08-03,190.38,3058.339999999999,-182.67000000000007
2021-08-05,143.65,3201.989999999999,-39.01999999999998
2021-08-06,-109.48,3092.509999999999,-148.5
2021-08-09,-80.47,3012.039999999999,-228.9699999999998
2021-08-10,216.02,3228.059999999999,-12.949999999999818
2021-08-12,-68.74,3159.3199999999993,-81.6899999999996
2021-08-13,9.75,3169.0699999999993,-71.9399999999996
2021-08-16,42.379999999999995,3211.4499999999994,-29.55999999999949
2021-08-19,-167.13,3044.3199999999993,-196.6899999999996
2021-08-20,291.92,3336.2399999999993,0.0
2021-08-23,42.08,3378.3199999999993,0.0
2021-08-26,-106.93,3271.3899999999994,-106.92999999999984
2021-08-27,51.03,3322.4199999999996,-55.899999999999636
2021-08-30,-86.66,3235.7599999999998,-142.5599999999995
2021-08-31,-149.51,3086.25,-292.06999999999925
2021-10-01,122.95,3209.2,-169.11999999999944
2021-10-05,-62.15,3147.0499999999997,-231.26999999999953
2021-10-07,-62.5,3084.5499999999997,-293.7699999999995
2021-10-11,-61.9,3022.6499999999996,-355.6699999999996
2021-10-14,70.45,3093.0999999999995,-285.2199999999998
2021-10-15,50.35,3143.4499999999994,-234.8699999999999
2021-10-18,-61.5,3081.9499999999994,-296.3699999999999
2021-10-19,-24.8,3057.149999999999,-321.1700000000001
2021-10-25,-27.25,3029.899999999999,-348.4200000000001
2021-10-26,-30.95,2998.9499999999994,-379.3699999999999
2021-10-29,-61.75,2937.1999999999994,-441.1199999999999
2021-11-01,-99.04,2838.1599999999994,-540.1599999999999
2021-11-02,31.019999999999996,2869.1799999999994,-509.1399999999999
2021-11-04,-44.0,2825.1799999999994,-553.1399999999999
2021-11-05,-139.48,2685.6999999999994,-692.6199999999999
2021-11-08,-135.24,2550.459999999999,-827.8600000000001
2021-11-09,185.4,2735.859999999999,-642.46
2021-11-11,4.7,2740.559999999999,-637.7600000000002
2021-11-12,85.15,2825.709999999999,-552.6100000000001
2021-11-16,203.17,3028.879999999999,-349.44000000000005
2021-11-18,209.27,3238.149999999999,-140.17000000000007
2021-11-19,-167.98,3070.169999999999,-308.1500000000001
2021-11-22,132.44000000000003,3202.609999999999,-175.71000000000004
2021-11-23,-141.45,3061.1599999999994,-317.15999999999985
2021-11-29,-105.74,2955.4199999999996,-422.89999999999964
2021-11-30,-142.78,2812.6399999999994,-565.6799999999998
2021-12-02,31.599999999999998,2844.2399999999993,-534.0799999999999
2021-12-03,-69.19,2775.0499999999993,-603.27
2021-12-06,123.1,2898.149999999999,-480.1700000000001
2021-12-07,-61.5,2836.649999999999,-541.6700000000001
2021-12-09,122.8,2959.4499999999994,-418.8699999999999
2021-12-10,-68.09,2891.359999999999,-486.96000000000004
2021-12-14,-69.74,2821.6199999999994,-556.6999999999998
2021-12-20,-75.24,2746.3799999999997,-631.9399999999996
2021-12-21,9.45,2755.8299999999995,-622.4899999999998
2021-12-27,123.05,2878.8799999999997,-499.4399999999996
2022-01-03,162.63,3041.5099999999998,-336.8099999999995
2022-01-04,134.86,3176.37,-201.94999999999936
2022-01-06,173.04,3349.41,-28.9099999999994
2022-01-07,-151.96,3197.45,-180.86999999999944
2022-01-11,30.400000000000002,3227.85,-150.46999999999935
2022-01-13,-130.24,3097.6099999999997,-280.7099999999996
2022-01-20,74.10999999999999,3171.72,-206.59999999999945
2022-01-21,94.22999999999999,3265.95,-112.36999999999944
2022-01-25,319.96,3585.91,0.0
2022-01-27,152.52,3738.43,0.0
2022-01-28,-37.68,3700.75,-37.679999999999836
2022-01-31,72.84,3773.59,0.0
2022-02-04,-76.08,3697.51,-76.07999999999993
2022-02-07,294.24,3991.75,0.0
2022-02-08,71.88,4063.63,0.0
2022-02-10,368.55,4432.18,0.0
2022-02-11,388.95000000000005,4821.13,0.0
2022-02-17,-90.86,4730.27,-90.85999999999967
2022-02-18,-88.48,4641.790000000001,-179.33999999999924
2022-02-22,392.32,5034.110000000001,0.0
2022-02-24,-174.72,4859.39,-174.72000000000025
2022-02-25,343.98,5203.370000000001,0.0
2022-02-28,-174.01999999999998,5029.35,-174.02000000000044
2022-03-04,84.98,5114.33,-89.04000000000087
2022-03-08,86.38000000000001,5200.71,-2.660000000000764
2022-03-14,-88.76,5111.95,-91.42000000000098
2022-03-15,-174.72,4937.23,-266.14000000000124
2022-03-17,344.67999999999995,5281.91,0.0
2022-03-18,367.8,5649.71,0.0
2022-03-24,368.1,6017.81,0.0
2022-03-25,-24.84,5992.97,-24.840000000000146
2022-04-04,271.2,6264.17,0.0
2022-04-05,196.16,6460.33,0.0
2022-04-07,212.67,6673.0,0.0
2022-04-08,-1.0200000000000102,6671.98,-1.0200000000004366
2022-04-12,-104.89,6567.089999999999,-105.91000000000076
2022-04-14,-106.08,6461.009999999999,-211.9900000000007
2022-04-18,-106.08,6354.929999999999,-318.0700000000006
2022-04-19,-16.000000000000014,6338.929999999999,-334.0700000000006
2022-04-21,-199.68,6139.249999999999,-533.7500000000009
2022-04-22,196.16,6335.409999999999,-337.59000000000106
2022-04-26,-99.84,6235.569999999999,-437.4300000000012
2022-04-28,396.15999999999997,6631.729999999999,-41.270000000001346
2022-04-29,49.04,6680.769999999999,0.0
2022-05-02,10.21999999999997,6690.989999999999,0.0
2022-05-03,-100.64,6590.3499999999985,-100.64000000000033
2022-05-06,-103.84,6486.509999999998,-204.48000000000047
2022-05-09,-106.08,6380.4299999999985,-310.5600000000004
2022-05-10,196.96,6577.3899999999985,-113.60000000000036
2022-05-12,120.39999999999999,6697.789999999998,0.0
2022-05-13,-49.60000000000001,6648.189999999998,-49.600000000000364
2022-05-16,-205.15,6443.039999999998,-254.75
2022-05-17,-99.04,6343.999999999998,-353.78999999999996
2022-05-19,-49.92,6294.079999999998,-403.71000000000004
2022-05-20,-51.120000000000005,6242.959999999998,-454.8299999999999
2022-05-23,-98.80000000000001,6144.159999999998,-553.6300000000001
2022-05-24,196.16,6340.319999999998,-357.47000000000025
2022-05-26,196.16,6536.479999999998,-161.3100000000004
2022-05-27,196.88,6733.359999999998,0.0
2022-05-31,196.0,6929.359999999998,0.0
2022-06-02,417.69,7347.049999999997,0.0
2022-06-03,-114.12,7232.929999999998,-114.11999999999989
2022-06-06,-131.04,7101.889999999998,-245.15999999999985
2022-06-07,36.87000000000002,7138.7599999999975,-208.28999999999996
2022-06-09,-115.02,7023.739999999997,-323.3100000000004
2022-06-13,-105.23,6918.5099999999975,-428.53999999999996
2022-06-14,-106.08,6812.429999999998,-534.6199999999999
2022-06-17,-106.93,6705.499999999997,-641.5500000000002
2022-06-21,353.09000000000003,7058.589999999997,-288.46000000000004
2022-06-24,676.59,7735.179999999998,0.0
2022-06-27,-230.82999999999998,7504.349999999998,-230.82999999999993
2022-06-28,-137.28,7367.069999999998,-368.1099999999997
2022-06-30,441.36,7808.429999999998,0.0
2022-07-01,232.94,8041.369999999997,0.0
2022-07-07,-118.56,7922.809999999997,-118.5600000000004
2022-07-08,-230.43,7692.3799999999965,-348.9900000000007
2022-07-11,-260.38,7431.999999999996,-609.3700000000008
2022-07-12,107.91,7539.909999999996,-501.46000000000095
2022-07-14,220.68,7760.5899999999965,-280.78000000000065
2022-07-15,-229.98000000000002,7530.609999999997,-510.7600000000002
2022-07-18,328.14,7858.749999999997,-182.6199999999999
2022-07-19,287.66999999999996,8146.419999999997,0.0
2022-07-21,-112.5,8033.919999999997,-112.5
2022-07-22,77.71000000000001,8111.629999999997,-34.789999999999964
2022-07-26,-119.51,7992.119999999997,-154.30000000000018
2022-07-28,104.42,8096.539999999997,-49.88000000000011
2022-07-29,-231.28,7865.2599999999975,-281.15999999999985
2022-08-01,-284.83,7580.429999999998,-565.9899999999998
2022-08-02,159.18,7739.609999999998,-406.8099999999995
2022-08-05,142.47,7882.079999999998,-264.33999999999924
2022-08-08,-191.52,7690.559999999998,-455.8599999999997
2022-08-09,-136.18,7554.379999999997,-592.04
2022-08-11,-173.6,7380.779999999997,-765.6400000000003
2022-08-12,552.1500000000001,7932.929999999997,-213.4900000000007
2022-08-15,448.7,8381.629999999997,0.0
2022-08-16,614.3,8995.929999999997,0.0
2022-08-18,-154.5,8841.429999999997,-154.5
2022-08-19,-159.75,8681.679999999997,-314.25
2022-08-22,588.48,9270.159999999996,0.0
2022-08-23,-153.75,9116.409999999996,-153.75
2022-08-25,246.2,9362.609999999997,0.0
2022-08-26,957.5799999999999,10320.189999999997,0.0
2022-08-29,271.70000000000005,10591.889999999998,0.0
2022-08-30,344.68,10936.569999999998,0.0
2022-09-06,-19.17,10917.399999999998,-19.170000000000073
2022-09-29,-18.57,10898.829999999998,-37.73999999999978
2022-10-03,-149.16,10749.669999999998,-186.89999999999964
2022-10-04,-135.74,10613.929999999998,-322.6399999999994
2022-10-10,-142.37,10471.559999999998,-465.0100000000002
2022-10-11,273.02,10744.579999999998,-191.98999999999978
2022-10-13,274.66999999999996,11019.249999999998,0.0
2022-10-20,-351.48,10667.769999999999,-351.47999999999956
2022-10-21,283.68,10951.449999999999,-67.79999999999927
2022-10-25,-148.8,10802.65,-216.59999999999854
2022-10-28,294.84000000000003,11097.49,0.0
2022-10-31,-148.2,10949.289999999999,-148.20000000000073
2022-11-01,443.16,11392.449999999999,0.0
2022-11-03,-310.75,11081.699999999999,-310.75
2022-11-04,603.19,11684.89,0.0
2022-11-07,-620.16,11064.73,-620.1599999999999
2022-11-08,288.85,11353.58,-331.3099999999995
2022-11-10,-297.12,11056.46,-628.4300000000003
2022-11-14,277.34000000000003,11333.8,-351.09000000000015
2022-11-15,63.24000000000001,11397.039999999999,-287.85000000000036
2022-11-17,618.0,12015.039999999999,0.0
2022-11-21,-324.48,11690.56,-324.47999999999956
2022-11-22,223.35000000000002,11913.91,-101.1299999999992
2022-11-28,-28.49999999999997,11885.41,-129.6299999999992
2022-11-29,-240.92,11644.49,-370.5499999999993
2022-12-01,-154.75,11489.74,-525.2999999999993
2022-12-02,296.03999999999996,11785.779999999999,-229.26000000000022
2022-12-05,314.0,12099.779999999999,0.0
2022-12-06,-162.24,11937.539999999999,-162.23999999999978
2022-12-08,-148.56,11788.98,-310.7999999999993
2022-12-09,-149.16,11639.82,-459.9599999999991
2022-12-12,295.08000000000004,11934.9,-164.8799999999992
2022-12-16,-157.25,11777.65,-322.1299999999992
2022-12-19,-156.0,11621.65,-478.1299999999992
2022-12-20,294.96,11916.609999999999,-183.17000000000007
2022-12-23,10.260000000000005,11926.869999999999,-172.90999999999985
2022-12-27,-156.36,11770.509999999998,-329.27000000000044
2022-12-29,45.36,11815.869999999999,-283.90999999999985
2022-12-30,306.5,12122.369999999999,0.0
2023-01-03,381.61,12503.98,0.0
2023-01-06,157.82,12661.8,0.0
2023-01-09,488.84,13150.64,0.0
2023-01-10,-255.55,12895.09,-255.54999999999927
2023-01-12,223.8,13118.89,-31.75
2023-01-13,-88.35000000000002,13030.539999999999,-120.10000000000036
2023-01-17,409.53,13440.07,0.0
2023-01-20,-347.9,13092.17,-347.89999999999964
2023-01-23,157.87,13250.04,-190.02999999999884
2023-01-24,-366.34,12883.7,-556.369999999999
2023-01-26,-169.83,12713.87,-726.1999999999989
2023-01-27,-336.0,12377.87,-1062.199999999999
2023-01-30,319.28,12697.150000000001,-742.9199999999983
2023-01-31,151.45,12848.600000000002,-591.4699999999975
2023-02-02,-168.75,12679.850000000002,-760.2199999999975
2023-02-03,-376.35,12303.500000000002,-1136.569999999998
2023-02-06,-329.41999999999996,11974.080000000002,-1465.989999999998
2023-02-07,614.25,12588.330000000002,-851.739999999998
2023-02-09,318.5,12906.830000000002,-533.239999999998
2023-02-10,-333.72,12573.110000000002,-866.9599999999973
2023-02-13,358.02,12931.130000000003,-508.93999999999687
2023-02-16,667.44,13598.570000000003,0.0
2023-02-17,-271.53,13327.040000000003,-271.53000000000065
2023-02-21,649.6199999999999,13976.660000000003,0.0
2023-02-23,355.54,14332.200000000004,0.0
2023-02-24,-180.96,14151.240000000005,-180.95999999999913
2023-03-02,738.9200000000001,14890.160000000005,0.0
2023-03-03,738.6,15628.760000000006,0.0
2023-03-06,-387.19,15241.570000000005,-387.1900000000005
2023-03-07,763.22,16004.790000000005,0.0
2023-03-09,744.72,16749.510000000006,0.0
2023-03-10,394.02,17143.530000000006,0.0
2023-03-16,843.88,17987.410000000007,0.0
2023-03-20,-438.55,17548.860000000008,-438.5499999999993
2023-03-23,859.95,18408.81000000001,0.0
2023-03-24,892.44,19301.250000000007,0.0
2023-03-28,-216.07999999999998,19085.170000000006,-216.08000000000175
2023-03-31,910.94,19996.110000000004,0.0
2023-04-03,482.04,20478.150000000005,0.0
2023-04-06,-361.14,20117.010000000006,-361.1399999999994
2023-04-10,-481.26,19635.750000000007,-842.3999999999978
2023-04-11,536.9399999999999,20172.690000000006,-305.4599999999991
2023-04-13,1438.71,21611.400000000005,0.0
2023-04-20,-507.17,21104.230000000007,-507.16999999999825
2023-04-21,-249.6,20854.63000000001,-756.7699999999968
2023-04-24,-256.0,20598.63000000001,-1012.7699999999968
2023-04-25,-103.71000000000001,20494.92000000001,-1116.479999999996
2023-04-27,712.92,21207.840000000007,-403.5599999999977
2023-04-28,466.0,21673.840000000007,0.0
2023-05-01,-248.4,21425.440000000006,-248.40000000000146
2023-05-04,502.66,21928.100000000006,0.0
2023-05-12,514.92,22443.020000000004,0.0
2023-05-15,-284.13,22158.890000000003,-284.130000000001
2023-05-16,-270.48,21888.410000000003,-554.6100000000006
2023-05-18,-534.6800000000001,21353.730000000003,-1089.2900000000009
2023-05-19,506.76,21860.49,-582.5300000000025
2023-05-22,517.02,22377.510000000002,-65.51000000000204
2023-05-23,-260.4,22117.11,-325.9100000000035
2023-05-25,-263.34,21853.77,-589.2500000000036
2023-05-26,297.46000000000004,22151.23,-291.7900000000045
2023-05-30,547.26,22698.489999999998,0.0
2023-06-01,1697.08,24395.57,0.0
2023-06-02,1831.9099999999999,26227.48,0.0
2023-06-05,-306.74,25920.739999999998,-306.7400000000016
2023-06-06,-359.6,25561.14,-666.3400000000001
2023-06-08,597.61,26158.75,-68.72999999999956
2023-06-09,712.82,26871.57,0.0
2023-06-12,-373.2,26498.37,-373.2000000000007
2023-06-13,-365.8,26132.57,-739.0
2023-06-15,1006.66,27139.23,0.0
2023-06-16,-369.0,26770.23,-369.0
2023-06-20,614.5,27384.73,0.0
2023-06-22,-383.69,27001.04,-383.6899999999987
2023-06-23,-620.0,26381.04,-1003.6899999999987
2023-06-26,-367.57,26013.47,-1371.2599999999984
2023-06-27,400.24,26413.710000000003,-971.0199999999968
2023-06-29,-59.59000000000003,26354.120000000003,-1030.609999999997
2023-06-30,542.8399999999999,26896.960000000003,-487.7699999999968
2023-07-07,-308.5,26588.460000000003,-796.2699999999968
2023-07-10,410.62,26999.08,-385.6499999999978
2023-07-11,285.5,27284.58,-100.14999999999782
2023-07-13,-318.5,26966.08,-418.6499999999978
2023-07-17,887.5,27853.58,0.0
2023-07-18,740.42,28594.0,0.0
2023-07-20,303.99,28897.99,0.0
2023-07-24,609.8000000000001,29507.79,0.0
2023-07-25,-16.47,29491.32,-16.470000000001164
2023-07-27,1334.3400000000001,30825.66,0.0
2023-07-28,-697.76,30127.9,-697.7599999999984
2023-07-31,-338.25,29789.65,-1036.0099999999984
2023-08-01,-504.3,29285.350000000002,-1540.3099999999977
2023-08-03,-524.46,28760.890000000003,-2064.769999999997
2023-08-04,-816.07,27944.820000000003,-2880.8399999999965
2023-08-07,1564.8899999999999,29509.710000000003,-1315.949999999997
2023-08-08,798.85,30308.56,-517.0999999999985
2023-08-10,1016.75,31325.31,0.0
2023-08-11,-231.25999999999996,31094.050000000003,-231.2599999999984
2023-08-14,-418.2,30675.850000000002,-649.4599999999991
2023-08-15,-416.74,30259.11,-1066.2000000000007
2023-08-17,1135.93,31395.04,0.0
2023-08-18,-125.72,31269.32,-125.72000000000116
2023-08-21,834.36,32103.68,0.0
2023-08-22,-1291.01,30812.670000000002,-1291.0099999999984
2023-08-24,802.92,31615.59,-488.09000000000015
2023-08-25,-432.63,31182.96,-920.7200000000012
2023-08-28,-554.2,30628.76,-1474.920000000002
2023-08-29,1716.96,32345.719999999998,0.0
2023-08-31,-440.3,31905.42,-440.2999999999993
2023-10-02,-179.8,31725.62,-620.0999999999985
2023-10-06,722.97,32448.59,0.0
2023-10-09,-359.89,32088.7,-359.8899999999994
2023-10-10,-358.15,31730.55,-718.0400000000009
2023-10-12,1424.48,33155.03,0.0
2023-10-13,-369.0,32786.03,-369.0
2023-10-16,-359.89,32426.14,-728.8899999999994
2023-10-17,715.4300000000001,33141.57,-13.459999999999127
2023-10-19,-375.6,32765.97,-389.0599999999977
2023-10-23,-372.94,32393.030000000002,-761.9999999999964
2023-10-26,-376.42,32016.610000000004,-1138.4199999999946
2023-10-27,1434.92,33451.530000000006,0.0
2023-10-30,185.39999999999998,33636.93000000001,0.0
2023-10-31,346.5,33983.43000000001,0.0
2023-11-02,3004.32,36987.75000000001,0.0
2023-11-03,-642.16,36345.590000000004,-642.1600000000035
2023-11-06,-1104.24,35241.350000000006,-1746.4000000000015
2023-11-07,1004.65,36246.00000000001,-741.75
2023-11-09,1573.5500000000002,37819.55000000001,0.0
2023-11-10,3300.62,41120.17000000001,0.0
2023-11-13,-913.96,40206.210000000014,-913.9599999999991
2023-11-14,839.2800000000001,41045.49000000001,-74.68000000000029
2023-11-16,-899.36,40146.13000000001,-974.0400000000009
2023-11-20,3534.13,43680.26000000001,0.0
2023-11-21,-288.84,43391.42000000001,-288.8399999999965
2023-11-27,-957.88,42433.540000000015,-1246.719999999994
2023-11-28,892.6700000000001,43326.210000000014,-354.04999999999563
2023-11-30,937.1999999999999,44263.41000000001,0.0
2023-12-01,956.28,45219.69000000001,0.0
2023-12-04,-494.4,44725.29000000001,-494.40000000000146
2023-12-05,-485.85,44239.44000000001,-980.25
2023-12-08,341.11,44580.55000000001,-639.1399999999994
2023-12-11,351.78,44932.33000000001,-287.3600000000006
2023-12-12,349.44,45281.77000000001,0.0
2023-12-14,-492.8,44788.97000000001,-492.8000000000029
2023-12-15,-982.89,43806.08000000001,-1475.6900000000023
2023-12-19,177.83999999999997,43983.920000000006,-1297.8500000000058
2023-12-22,-68.86,43915.060000000005,-1366.7100000000064
2023-12-26,456.27,44371.33,-910.4400000000096
2023-12-28,-217.62,44153.71,-1128.0600000000122
2023-12-29,955.5,45109.21,-172.56000000001222
2024-01-02,-482.82,44626.39,-655.3800000000119
2024-01-04,476.44000000000005,45102.83,-178.9400000000096
2024-01-05,452.92,45555.75,0.0
2024-01-08,1976.0,47531.75,0.0
2024-01-09,-512.0899999999999,47019.66,-512.0899999999965
2024-01-11,1226.61,48246.270000000004,0.0
2024-01-12,-517.44,47728.83,-517.4400000000023
2024-01-16,-1088.02,46640.810000000005,-1605.4599999999991
2024-01-18,-1127.9,45512.91,-2733.3600000000006
2024-01-19,986.0,46498.91,-1747.3600000000006
2024-01-22,-504.3,45994.61,-2251.6600000000035
2024-01-23,72.75,46067.36,-2178.9100000000035
2024-01-25,-500.58,45566.78,-2679.4900000000052
2024-01-26,459.3,46026.08,-2220.1900000000023
2024-01-29,-498.15,45527.93,-2718.340000000004
2024-01-30,286.05,45813.98,-2432.290000000001
2024-02-01,1470.4,47284.380000000005,-961.8899999999994
2024-02-02,-1027.54,46256.840000000004,-1989.4300000000003
2024-02-06,119.6,46376.44,-1869.8300000000017
2024-02-08,-498.15,45878.29,-2367.980000000003
2024-02-09,992.25,46870.54,-1375.7300000000032
2024-02-12,-1022.54,45848.0,-2398.270000000004
2024-02-13,3425.31,49273.31,0.0
2024-02-15,2113.88,51387.189999999995,0.0
2024-02-16,-1108.8,50278.38999999999,-1108.800000000003
2024-02-22,2427.26,52705.649999999994,0.0
2024-02-23,-141.45,52564.2,-141.4499999999971
2024-02-26,-1490.5,51073.7,-1631.949999999997
2024-03-01,1511.22,52584.92,-120.72999999999593
2024-03-04,-567.64,52017.28,-688.3699999999953
2024-03-05,2235.87,54253.15,0.0
2024-03-08,-141.45,54111.700000000004,-141.4499999999971
2024-03-11,1715.5,55827.200000000004,0.0
2024-03-12,-149.52,55677.68000000001,-149.5199999999968
2024-03-15,294.48,55972.16000000001,0.0
2024-03-19,1328.9,57301.06000000001,0.0
2024-04-04,-8.600000000000023,57292.460000000014,-8.599999999998545
2024-04-05,3652.11,60944.570000000014,0.0
2024-04-08,-654.15,60290.42000000001,-654.1500000000015
2024-04-09,-639.6,59650.820000000014,-1293.75
2024-04-12,-190.23000000000002,59460.59000000001,-1483.9800000000032
2024-04-15,612.96,60073.55000000001,-871.0200000000041
2024-04-18,-675.46,59398.09000000001,-1546.4800000000032
2024-04-19,1899.1,61297.19000000001,0.0
2024-04-22,2602.3,63899.49000000001,0.0
2024-04-23,2581.7,66481.19000000002,0.0
2024-04-25,-1407.9,65073.290000000015,-1407.9000000000015
2024-04-26,-1587.9,63485.390000000014,-2995.800000000003
2024-04-29,-670.35,62815.040000000015,-3666.1500000000015
2024-05-02,-669.6,62145.44000000002,-4335.75
2024-05-09,1302.74,63448.180000000015,-3033.010000000002
2024-05-10,-670.35,62777.830000000016,-3703.3600000000006
2024-05-13,-210.6,62567.23000000002,-3913.959999999999
2024-05-16,-668.52,61898.71000000002,-4582.479999999996
2024-05-17,-651.9,61246.81000000002,-5234.379999999997
2024-05-20,1106.67,62353.48000000002,-4127.709999999999
2024-05-21,-658.05,61695.430000000015,-4785.760000000002
2024-05-23,3148.8,64844.23000000002,-1636.9599999999991
2024-05-24,-684.87,64159.360000000015,-2321.8300000000017
2024-05-28,3247.2,67406.56000000001,0.0
2024-05-30,-714.56,66692.00000000001,-714.5599999999977
2024-05-31,1396.5,68088.50000000001,0.0
2024-06-03,1433.25,69521.75000000001,0.0
2024-06-04,4744.41,74266.16000000002,0.0
2024-06-06,-783.59,73482.57000000002,-783.5899999999965
2024-06-07,264.15,73746.72000000002,-519.4400000000023
2024-06-10,-830.8000000000001,72915.92000000001,-1350.2400000000052
2024-06-13,1531.25,74447.17000000001,0.0
2024-06-14,-1583.69,72863.48000000001,-1583.6900000000023
2024-06-17,2253.36,75116.84000000001,0.0
2024-06-18,-970.2,74146.64000000001,-970.1999999999971
2024-06-20,4973.5,79120.14000000001,0.0
2024-06-21,-1004.4,78115.74000000002,-1004.3999999999942
2024-06-24,273.6,78389.34000000003,-730.7999999999884
2024-06-25,1682.45,80071.79000000002,0.0
2024-06-27,299.29999999999995,80371.09000000003,0.0
2024-06-28,-1016.8,79354.29000000002,-1016.8000000000029
2024-07-01,-837.0,78517.29000000002,-1853.800000000003
2024-07-02,247.68,78764.97000000002,-1606.12000000001
2024-07-08,-824.1,77940.87000000001,-2430.2200000000157
2024-07-09,-811.8,77129.07,-3242.0200000000186
2024-07-11,-1618.85,75510.22,-4860.870000000024
2024-07-12,1976.75,77486.97,-2884.1200000000244
2024-07-15,-1637.6,75849.37,-4521.72000000003
2024-07-16,1970.45,77819.81999999999,-2551.270000000033
2024-07-18,-837.9,76981.92,-3389.1700000000274
2024-07-22,-816.13,76165.79,-4205.300000000032
2024-07-23,-1596.4,74569.39,-5801.700000000026
2024-07-25,778.81,75348.2,-5022.8900000000285
2024-07-26,750.15,76098.34999999999,-4272.740000000034
2024-07-30,-799.5,75298.84999999999,-5072.240000000034
2024-08-01,2541.6099999999997,77840.45999999999,-2530.6300000000338
2024-08-02,1950.93,79791.38999999998,-579.7000000000407
2024-08-06,369.85,80161.23999999999,-209.85000000003492
2024-08-08,1653.5,81814.73999999999,0.0
2024-08-09,415.38,82230.12,0.0
2024-08-12,2074.8,84304.92,0.0
2024-08-13,-913.8,83391.12,-913.8000000000029
2024-08-15,-1331.25,82059.87,-2245.050000000003
2024-08-16,1088.82,83148.69,-1156.229999999996
2024-08-19,-2153.88,80994.81,-3310.1100000000006
2024-08-22,-2267.35,78727.45999999999,-5577.460000000006
2024-08-23,1632.27,80359.73,-3945.1900000000023
2024-08-26,427.48,80787.20999999999,-3517.7100000000064
2024-08-29,2482.1,83269.31,-1035.6100000000006
2024-08-30,2091.0,85360.31,0.0
2024-09-10,258.3,85618.61,0.0
2024-10-07,3642.4,89261.01,0.0
2024-10-11,-929.25,88331.76,-929.25
2024-10-14,1839.0,90170.76,0.0
2024-10-17,-953.8,89216.95999999999,-953.8000000000029
2024-10-18,-933.75,88283.20999999999,-1887.550000000003
2024-10-22,1847.25,90130.45999999999,-40.30000000000291
2024-10-25,3763.8,93894.26,0.0
2024-10-31,-142.6,93751.65999999999,-142.60000000000582
2024-11-01,3905.44,97657.09999999999,0.0
2024-11-04,3062.8,100719.9,0.0
2024-11-05,-1178.1799999999998,99541.72,-1178.179999999993
2024-11-08,2024.4,101566.12,0.0
2024-11-11,4218.9,105785.01999999999,0.0
2024-11-12,-2195.55,103589.46999999999,-2195.550000000003
2024-11-14,-1624.4,101965.06999999999,-3819.949999999997
2024-11-15,-1594.44,100370.62999999999,-5414.389999999999
2024-11-18,-4195.62,96175.01,-9610.009999999995
2024-11-19,-2033.1,94141.90999999999,-11643.11
2024-11-21,1817.2,95959.10999999999,-9825.910000000003
2024-11-22,1897.22,97856.32999999999,-7928.690000000002
2024-11-25,-2085.3,95771.02999999998,-10013.990000000005
2024-11-26,2384.7,98155.72999999998,-7629.290000000008
2024-12-02,187.58,98343.30999999998,-7441.710000000006
2024-12-03,2041.8,100385.10999999999,-5399.9100000000035
2024-12-05,-1047.8,99337.30999999998,-6447.710000000006
2024-12-06,2066.4,101403.70999999998,-4381.310000000012
2024-12-09,-1051.65,100352.05999999998,-5432.960000000006
2024-12-10,-1050.0,99302.05999999998,-6482.960000000006
2024-12-13,2045.75,101347.80999999998,-4437.210000000006
2024-12-17,2099.88,103447.68999999999,-2337.3300000000017
2024-12-20,2135.85,105583.54,-201.47999999999593
2024-12-23,-2206.24,103377.29999999999,-2407.720000000001
2024-12-26,1257.15,104634.44999999998,-1150.570000000007
2024-12-30,2176.24,106810.68999999999,0.0
2024-12-31,2210.4,109021.08999999998,0.0
2025-01-02,2695.0,111716.08999999998,0.0
2025-01-03,-1689.19,110026.89999999998,-1689.1900000000023
2025-01-06,-2279.95,107746.94999999998,-3969.1399999999994
2025-01-07,-1113.15,106633.79999999999,-5082.289999999994
2025-01-10,2666.0,109299.79999999999,-2416.2899999999936
2025-01-13,4562.16,113861.95999999999,0.0
2025-01-14,1582.21,115444.17,0.0
2025-01-17,1148.9,116593.06999999999,0.0
2025-01-21,4850.22,121443.29,0.0
2025-01-23,5052.18,126495.47,0.0
2025-01-27,5266.5599999999995,131762.03,0.0
2025-01-28,-2695.88,129066.15,-2695.8800000000047
2025-01-30,664.74,129730.89,-2031.1399999999994
2025-01-31,5943.35,135674.24,0.0
2025-02-03,-2810.26,132863.97999999998,-2810.2600000000093
2025-02-04,-2149.6800000000003,130714.29999999999,-4959.940000000002
2025-02-06,6016.9,136731.19999999998,0.0
2025-02-07,-1413.6,135317.59999999998,-1413.6000000000058
2025-02-11,5582.200000000001,140899.8,0.0
2025-02-13,2895.2,143795.0,0.0
2025-02-20,2940.0,146735.0,0.0
2025-02-21,10536.5,157271.5,0.0
2025-02-24,-101.30000000000018,157170.2,-101.29999999998836
2025-02-25,-1619.16,155551.04,-1720.4599999999919
2025-02-27,-3634.3,151916.74000000002,-5354.75999999998
2025-02-28,-5054.5,146862.24000000002,-10409.25999999998
2025-03-03,6071.1,152933.34000000003,-4338.159999999974
2025-03-06,-3179.85,149753.49000000002,-7518.00999999998
2025-03-07,-3125.0,146628.49000000002,-10643.00999999998
2025-03-10,1419.6800000000003,148048.17,-9223.329999999987
2025-03-14,2264.41,150312.58000000002,-6958.919999999984
2025-03-17,6682.5,156995.08000000002,-276.4199999999837
2025-03-21,6441.48,163436.56000000003,0.0
2025-03-25,-3446.24,159990.32000000004,-3446.2399999999907
2025-03-31,1622.6000000000001,161612.92000000004,-1823.6399999999849
2025-04-01,-5084.1,156528.82000000004,-6907.739999999991
2025-04-04,-1631.5,154897.32000000004,-8539.23999999999
2025-04-07,1456.39,156353.71000000005,-7082.849999999977
2025-04-08,-919.6400000000001,155434.07000000004,-8002.489999999991
2025-04-11,1592.85,157026.92000000004,-6409.639999999985
2025-04-14,-1631.25,155395.67000000004,-8040.889999999985
2025-04-15,-1644.65,153751.02000000005,-9685.539999999979
2025-04-17,-3466.24,150284.78000000006,-13151.77999999997
2025-04-21,766.25,151051.03000000006,-12385.52999999997
2025-04-22,4641.6,155692.63000000006,-7743.929999999964
2025-04-24,9803.119999999999,165495.75000000006,0.0
2025-04-25,-3547.5,161948.25000000006,-3547.5
2025-04-28,1595.9500000000003,163544.20000000007,-1951.5499999999884
2025-04-29,-5062.29,158481.91000000006,-7013.8399999999965
2025-05-01,-1640.76,156841.15000000005,-8654.600000000006
2025-05-02,-1618.5,155222.65000000005,-10273.100000000006
2025-05-05,784.3199999999999,156006.97000000006,-9488.779999999999
2025-05-06,1552.7600000000002,157559.73000000007,-7936.0199999999895
2025-05-08,1573.6,159133.33000000007,-6362.419999999984
2025-05-09,-1656.25,157477.08000000007,-8018.669999999984
2025-05-15,3216.05,160693.13000000006,-4802.619999999995
2025-05-16,3274.46,163967.59000000005,-1528.1600000000035
2025-05-19,4169.08,168136.67000000004,0.0
2025-05-20,-1771.65,166365.02000000005,-1771.6499999999942
2025-05-22,841.8,167206.82000000004,-929.8500000000058
2025-05-23,-1709.7,165497.12000000002,-2639.5500000000175
2025-05-27,3411.3,168908.42,0.0
2025-05-29,-1877.08,167031.34000000003,-1877.0799999999872
2025-06-02,-1726.38,165304.96000000002,-3603.459999999992
2025-06-03,4549.18,169854.14,0.0
2025-06-05,-82.56000000000017,169771.58000000002,-82.55999999999767
2025-06-06,-2159.43,167612.15000000002,-2241.9899999999907
2025-06-09,-3306.1499999999996,164306.00000000003,-5548.139999999985
2025-06-10,-5476.700000000001,158829.30000000002,-11024.839999999997
2025-06-12,8871.27,167700.57,-2153.570000000007
2025-06-13,-1743.75,165956.82,-3897.320000000007
2025-06-16,4312.93,170269.75,0.0
2025-06-17,546.8000000000002,170816.55,0.0
2025-06-20,-2114.2,168702.34999999998,-2114.2000000000116
2025-06-23,11161.85,179864.19999999998,0.0
2025-06-24,7330.8,187194.99999999997,0.0
2025-06-26,5281.49,192476.48999999996,0.0
2025-06-27,12558.3,205034.78999999995,0.0
2025-06-30,-2095.02,202939.76999999996,-2095.0199999999895
2025-07-01,1978.2,204917.96999999997,-116.81999999997788
2025-07-10,1998.55,206916.51999999996,0.0
2025-07-14,4206.6,211123.11999999997,0.0
2025-07-17,4320.62,215443.73999999996,0.0
2025-07-21,-4398.4,211045.33999999997,-4398.399999999994
2025-07-22,-2170.78,208874.55999999997,-6569.179999999993
2025-07-24,-2145.2,206729.35999999996,-8714.380000000005
2025-07-25,139.21000000000004,206868.56999999995,-8575.170000000013
2025-07-29,-1590.3,205278.26999999996,-10165.470000000001
2025-07-31,5273.35,210551.61999999997,-4892.119999999995
2025-08-04,7541.299999999999,218092.91999999995,0.0
2025-08-05,5325.9,223418.81999999995,0.0
2025-08-07,5528.64,228947.45999999996,0.0
2025-08-08,4568.4,233515.85999999996,0.0
2025-08-11,11419.72,244935.57999999996,0.0
2025-08-12,8420.82,253356.39999999997,0.0
2025-08-18,-3918.75,249437.64999999997,-3918.75
2025-08-19,7601.4,257039.04999999996,0.0
2025-08-21,3557.47,260596.51999999996,0.0
2025-08-22,5193.1,265789.61999999994,0.0
2025-08-25,8464.1,274253.7199999999,0.0
2025-08-26,-4169.7,270084.0199999999,-4169.700000000012
2025-08-29,-3337.5,266746.5199999999,-7507.200000000012
2025-09-05,811.8,267558.3199999999,-6695.400000000023
2025-09-16,-277.2,267281.1199999999,-6972.600000000035
2025-10-03,5396.6,272677.71999999986,-1576.0000000000582
2025-10-09,-5585.5599999999995,267092.15999999986,-7161.560000000056
2025-10-10,-5444.2,261647.95999999985,-12605.760000000068
2025-10-13,-2661.7,258986.25999999983,-15267.46000000008
2025-10-14,5265.360000000001,264251.6199999998,-10002.100000000093
2025-10-20,5358.4400000000005,269610.0599999998,-4643.660000000091
2025-10-21,-2741.7,266868.3599999998,-7385.360000000102
2025-10-23,-1553.2,265315.1599999998,-8938.560000000114
2025-10-24,-2707.56,262607.5999999998,-11646.120000000112
2025-10-28,-2693.52,259914.0799999998,-14339.640000000101
2025-11-03,8088.94,268003.0199999998,-6250.700000000128
2025-11-04,5105.27,273108.2899999998,-1145.4300000001094
2025-11-06,8275.5,281383.7899999998,0.0
2025-11-10,-5762.88,275620.9099999998,-5762.880000000005
2025-11-11,22708.34,298329.2499999998,0.0
2025-11-13,1103.6599999999994,299432.9099999998,0.0
2025-11-14,2989.8700000000003,302422.7799999998,0.0
2025-11-17,-4818.15,297604.6299999998,-4818.150000000023
2025-11-18,9011.1,306615.72999999975,0.0
2025-11-20,-6180.0,300435.72999999975,-6180.0
2025-11-21,24655.949999999997,325091.67999999976,0.0
2025-11-24,-11524.119999999999,313567.55999999976,-11524.119999999995
2025-11-25,5973.0,319540.55999999976,-5551.119999999995
2025-12-01,-3276.98,316263.5799999998,-8828.099999999977
2025-12-02,-3715.17,312548.4099999998,-12543.26999999996
2025-12-04,-3207.36,309341.0499999998,-15750.629999999946
2025-12-05,-490.2,308850.8499999998,-16240.829999999958
2025-12-09,-468.16,308382.6899999998,-16708.989999999932
2025-12-11,6254.16,314636.8499999998,-10454.829999999958
2025-12-12,-3201.24,311435.6099999998,-13656.069999999949
2025-12-15,6297.6,317733.2099999998,-7358.469999999972
2025-12-16,-3378.58,314354.6299999998,-10737.049999999988
2025-12-18,-1625.4,312729.22999999975,-12362.450000000012
2025-12-19,-3191.94,309537.28999999975,-15554.390000000014
2025-12-22,-3139.44,306397.84999999974,-18693.830000000016
2025-12-23,-1638.63,304759.21999999974,-20332.46000000002
2025-12-29,6149.5,310908.71999999974,-14182.960000000021
2026-01-05,12682.06,323590.77999999974,-1500.9000000000233
2026-01-06,6650.0,330240.77999999974,0.0
2026-01-08,5612.01,335852.78999999975,0.0
2026-01-09,-4115.58,331737.20999999973,-4115.580000000016
2026-01-12,3271.25,335008.45999999973,-844.3300000000163
2026-01-13,8222.84,343231.29999999976,0.0
2026-01-15,-6997.95,336233.34999999974,-6997.950000000012
2026-01-16,-4163.64,332069.70999999973,-11161.590000000026
2026-01-20,-7100.49,324969.21999999974,-18262.080000000016
2026-01-22,-7923.1,317046.11999999976,-26185.179999999993
2026-01-26,10907.42,327953.53999999975,-15277.76000000001
2026-01-27,-5015.29,322938.24999999977,-20293.04999999999
2026-01-29,-3329.37,319608.8799999998,-23622.419999999984
2026-01-30,-3261.2,316347.67999999976,-26883.619999999995
2026-02-02,3182.4000000000005,319530.0799999998,-23701.219999999972
2026-02-03,22274.16,341804.23999999976,-1427.0599999999977
2026-02-06,13819.58,355623.8199999998,0.0
2026-02-09,538.7999999999997,356162.61999999976,0.0
2026-02-10,-908.12,355254.49999999977,-908.1199999999953
2026-02-12,2766.1400000000003,358020.6399999998,0.0
2026-02-13,22125.0,380145.6399999998,0.0
2026-02-17,-3887.52,376258.11999999976,-3887.5200000000186
2026-02-19,-9299.55,366958.5699999998,-13187.070000000007
2026-02-20,-7483.23,359475.3399999998,-20670.29999999999
2026-02-23,-3741.03,355734.30999999976,-24411.330000000016
2026-02-24,-5453.650000000001,350280.65999999974,-29864.98000000004
2026-02-26,-3680.64,346600.0199999997,-33545.62000000005
2026-02-27,7039.5,353639.5199999997,-26506.120000000054
2026-03-02,3392.7299999999996,357032.2499999997,-23113.390000000072
2026-03-03,3621.79,360654.0399999997,-19491.600000000093
2026-03-05,-7287.52,353366.51999999967,-26779.12000000011
2026-03-06,-7328.8,346037.7199999997,-34107.9200000001
2026-03-09,-7205.21,338832.50999999966,-41313.13000000012
2026-03-10,-6917.9400000000005,331914.56999999966,-48231.07000000012
2026-03-20,6745.83,338660.3999999997,-41485.24000000011
2026-03-24,-3464.54,335195.8599999997,-44949.780000000086
2026-03-27,-7003.21,328192.6499999997,-51952.99000000011
2026-03-31,3090.24,331282.88999999966,-48862.75000000012
2026-04-02,-49.5300000000002,331233.35999999964,-48912.280000000144
